
USE damai_program_1;

DROP TABLE IF EXISTS `d_program_0`;
/*!40101 SET @saved_cs_client     = @@character_set_client */;
/*!40101 SET character_set_client = utf8 */;
CREATE TABLE `d_program_0` (
  `id` bigint(20) NOT NULL COMMENT '主键id',
  `program_group_id` bigint(20) NOT NULL COMMENT '节目分组id',
  `prime` tinyint(1) NOT NULL DEFAULT '1' COMMENT '当属于同一个节目分组时 是否为主要节目 0:否 1:是',
  `area_id` bigint(20) NOT NULL COMMENT '所在区域id',
  `program_category_id` bigint(20) NOT NULL COMMENT '节目类型表id',
  `parent_program_category_id` bigint(20) NOT NULL COMMENT '父节目类型表id',
  `title` varchar(512) NOT NULL COMMENT '标题',
  `actor` varchar(256) DEFAULT NULL COMMENT '艺人',
  `place` varchar(100) DEFAULT NULL COMMENT '地点',
  `item_picture` text COMMENT '项目图片',
  `pre_sell` tinyint(1) NOT NULL DEFAULT '0' COMMENT '预售 1:是 0:否',
  `pre_sell_instruction` varchar(256) DEFAULT NULL COMMENT '预售说明',
  `important_notice` varchar(100) DEFAULT NULL COMMENT '重要通知',
  `detail` text NOT NULL COMMENT '项目详情',
  `per_order_limit_purchase_count` int(11) DEFAULT '6' COMMENT '每笔订单最多购买数量',
  `per_account_limit_purchase_count` int(11) DEFAULT '6' COMMENT '每个账号最多购买数量',
  `refund_ticket_rule` varchar(512) DEFAULT NULL COMMENT '退票/换票规则',
  `delivery_instruction` varchar(512) DEFAULT NULL COMMENT '配送信息说明',
  `entry_rule` varchar(512) DEFAULT NULL COMMENT '入场规则',
  `child_purchase` varchar(512) DEFAULT NULL COMMENT '儿童购票',
  `invoice_specification` varchar(512) DEFAULT NULL COMMENT '发票说明',
  `real_ticket_purchase_rule` text COMMENT '实名购票规则',
  `abnormal_order_description` text COMMENT '异常排单说明',
  `kind_reminder` text COMMENT '温馨提示',
  `performance_duration` varchar(100) DEFAULT NULL COMMENT '演出时长',
  `entry_time` varchar(512) DEFAULT NULL COMMENT '入场时间',
  `min_performance_count` int(11) DEFAULT NULL COMMENT '最低演出曲目',
  `main_actor` varchar(100) DEFAULT NULL COMMENT '主要演员',
  `min_performance_duration` varchar(100) DEFAULT NULL COMMENT '最低演出时长',
  `prohibited_item` text COMMENT '禁止携带物品',
  `deposit_specification` varchar(512) DEFAULT NULL COMMENT '寄存说明',
  `total_count` bigint(20) DEFAULT NULL COMMENT '大麦网初始开售时全场可售门票总张数',
  `permit_refund` tinyint(1) NOT NULL DEFAULT '0' COMMENT '是否允许退款  0:不支持退 1:条件退 2:全部退',
  `refund_explain` varchar(512) DEFAULT NULL COMMENT '退款说明',
  `rel_name_ticket_entrance` tinyint(1) NOT NULL DEFAULT '0' COMMENT '实名制购票和入场 1:是 0:否',
  `rel_name_ticket_entrance_explain` varchar(512) DEFAULT NULL COMMENT '实名制购票和入场说明',
  `permit_choose_seat` tinyint(1) NOT NULL DEFAULT '0' COMMENT '是否允许选座 1:允许选座 0:不允许选座',
  `choose_seat_explain` varchar(512) DEFAULT NULL COMMENT '选座说明',
  `electronic_delivery_ticket` tinyint(1) NOT NULL DEFAULT '1' COMMENT '电子票/快递票 0:都没有1:电子票 2:快递票',
  `electronic_delivery_ticket_explain` varchar(512) DEFAULT NULL COMMENT '电子票说明',
  `electronic_invoice` tinyint(1) NOT NULL DEFAULT '1' COMMENT '电子发票 1:是 0:不是',
  `electronic_invoice_explain` varchar(512) DEFAULT NULL COMMENT '电子发票说明',
  `high_heat` tinyint(1) NOT NULL DEFAULT '0' COMMENT '高热度节目 0:否 1:是',
  `program_status` tinyint(1) NOT NULL DEFAULT '1' COMMENT '节目状态 1:上架 0:下架',
  `issue_time` datetime DEFAULT NULL COMMENT '上架发行时间',
  `create_time` datetime NOT NULL COMMENT '创建时间',
  `edit_time` datetime NOT NULL COMMENT '编辑时间',
  `status` tinyint(1) NOT NULL DEFAULT '1' COMMENT '1:正常 0:删除',
  PRIMARY KEY (`id`),
  KEY `program_group_id_idx` (`program_group_id`) USING BTREE,
  KEY `issue_time_idx` (`issue_time`) USING BTREE
) ENGINE=InnoDB DEFAULT CHARSET=utf8mb4 COMMENT='节目表';
/*!40101 SET character_set_client = @saved_cs_client */;

--
-- Dumping data for table `d_program_0`
--

LOCK TABLES `d_program_0` WRITE;
/*!40000 ALTER TABLE `d_program_0` DISABLE KEYS */;
/*!40000 ALTER TABLE `d_program_0` ENABLE KEYS */;
UNLOCK TABLES;

--
-- Table structure for table `d_program_1`
--

DROP TABLE IF EXISTS `d_program_1`;
/*!40101 SET @saved_cs_client     = @@character_set_client */;
/*!40101 SET character_set_client = utf8 */;
CREATE TABLE `d_program_1` (
  `id` bigint(20) NOT NULL COMMENT '主键id',
  `program_group_id` bigint(20) DEFAULT NULL COMMENT '节目分组id',
  `prime` tinyint(1) NOT NULL DEFAULT '1' COMMENT '当属于同一个节目分组时 是否为主要节目 0:否 1:是',
  `area_id` bigint(20) NOT NULL COMMENT '所在区域id',
  `program_category_id` bigint(20) NOT NULL COMMENT '节目类型表id',
  `parent_program_category_id` bigint(20) NOT NULL COMMENT '父节目类型表id',
  `title` varchar(512) NOT NULL COMMENT '标题',
  `actor` varchar(256) DEFAULT NULL COMMENT '艺人',
  `place` varchar(100) DEFAULT NULL COMMENT '地点',
  `item_picture` text COMMENT '项目图片',
  `pre_sell` tinyint(1) NOT NULL DEFAULT '0' COMMENT '预售 1:是 0:否',
  `pre_sell_instruction` varchar(256) DEFAULT NULL COMMENT '预售说明',
  `important_notice` varchar(100) DEFAULT NULL COMMENT '重要通知',
  `detail` text NOT NULL COMMENT '项目详情',
  `per_order_limit_purchase_count` int(11) DEFAULT '6' COMMENT '每笔订单最多购买数量',
  `per_account_limit_purchase_count` int(11) DEFAULT '6' COMMENT '每个账号最多购买数量',
  `refund_ticket_rule` varchar(512) DEFAULT NULL COMMENT '退票/换票规则',
  `delivery_instruction` varchar(512) DEFAULT NULL COMMENT '配送信息说明',
  `entry_rule` varchar(512) DEFAULT NULL COMMENT '入场规则',
  `child_purchase` varchar(512) DEFAULT NULL COMMENT '儿童购票',
  `invoice_specification` varchar(512) DEFAULT NULL COMMENT '发票说明',
  `real_ticket_purchase_rule` text COMMENT '实名购票规则',
  `abnormal_order_description` text COMMENT '异常排单说明',
  `kind_reminder` text COMMENT '温馨提示',
  `performance_duration` varchar(100) DEFAULT NULL COMMENT '演出时长',
  `entry_time` varchar(512) DEFAULT NULL COMMENT '入场时间',
  `min_performance_count` int(11) DEFAULT NULL COMMENT '最低演出曲目',
  `main_actor` varchar(100) DEFAULT NULL COMMENT '主要演员',
  `min_performance_duration` varchar(100) DEFAULT NULL COMMENT '最低演出时长',
  `prohibited_item` text COMMENT '禁止携带物品',
  `deposit_specification` varchar(512) DEFAULT NULL COMMENT '寄存说明',
  `total_count` bigint(20) DEFAULT NULL COMMENT '大麦网初始开售时全场可售门票总张数',
  `permit_refund` tinyint(1) NOT NULL DEFAULT '0' COMMENT '是否允许退款  0:不支持退 1:条件退 2:全部退',
  `refund_explain` varchar(512) DEFAULT NULL COMMENT '退款说明',
  `rel_name_ticket_entrance` tinyint(1) NOT NULL DEFAULT '0' COMMENT '实名制购票和入场 1:是 0:否',
  `rel_name_ticket_entrance_explain` varchar(512) DEFAULT NULL COMMENT '实名制购票和入场说明',
  `permit_choose_seat` tinyint(1) NOT NULL DEFAULT '0' COMMENT '是否允许选座 1:允许选座 0:不允许选座',
  `choose_seat_explain` varchar(512) DEFAULT NULL COMMENT '选座说明',
  `electronic_delivery_ticket` tinyint(1) NOT NULL DEFAULT '1' COMMENT '电子票/快递票 0:都没有1:电子票 2:快递票',
  `electronic_delivery_ticket_explain` varchar(512) DEFAULT NULL COMMENT '电子票说明',
  `electronic_invoice` tinyint(1) NOT NULL COMMENT '电子发票 1:是 0:不是',
  `electronic_invoice_explain` varchar(512) DEFAULT NULL COMMENT '电子发票说明',
  `high_heat` tinyint(1) NOT NULL DEFAULT '0' COMMENT '高热度节目 0:否 1:是',
  `program_status` tinyint(1) NOT NULL DEFAULT '1' COMMENT '节目状态 1:上架 0:下架',
  `issue_time` datetime DEFAULT NULL COMMENT '上架发行时间',
  `create_time` datetime NOT NULL COMMENT '创建时间',
  `edit_time` datetime NOT NULL COMMENT '编辑时间',
  `status` tinyint(1) NOT NULL DEFAULT '1' COMMENT '1:正常 0:删除',
  PRIMARY KEY (`id`),
  KEY `program_group_id_idx` (`program_group_id`) USING BTREE,
  KEY `issue_time_idx` (`issue_time`) USING BTREE
) ENGINE=InnoDB DEFAULT CHARSET=utf8mb4 COMMENT='节目表';
/*!40101 SET character_set_client = @saved_cs_client */;

--
-- Dumping data for table `d_program_1`
--

LOCK TABLES `d_program_1` WRITE;
/*!40000 ALTER TABLE `d_program_1` DISABLE KEYS */;
INSERT INTO `d_program_1` VALUES (1,1,1,2,1,1,'《漂洋过海来看你》致敬经典老歌','众多歌手','本土王牌LIVE','https://s21.ax1x.com/2024/12/19/pAOQQhj.jpg',0,NULL,NULL,'https://s21.ax1x.com/2024/12/19/pAOQMNQ.jpg',6,6,'票品为有价票券，非普通商品，其背后承载的文化服务具有时效性，稀缺性等特征，不支持退换。','不支持修改配送电话、地址等信息','须打开【票夹】扫码入场，截图无效。','1.2米以上凭成人票入场，1.2米以下谢绝入场','演出开始前，去【订单详情页】提交发票申请。演出结束后1个月左右邮寄给你，需自付邮费。','一张门票对应一个证件；证件支持：身份证','对于异常订购行为，大麦网有权在订单成立或者生效之后取消相应订单。异常订购行为包括但不限于以下情形： （1）通过同一ID订购超出限购张数的订单。 （2）经合理判断认为非真实消费者的下单行为，包括但不限于通过批量相同或虚构的支付账号、收货地址（包括下单时填写及最终实际收货地址）、收件人、电话号码订购超出限购张数的订单。','1.购买前请您提前规划好行程，做好相应准备，以免影响您的正常观演，感谢您的理解和配合。2.若演出受不可抗力影响延期或取消，大麦将对演出票订单按照项目官方通知方案进行处理，其他因观演发生的费用需由您自行承担。','约90分钟（以现场为准）','请于演出前约90分钟入场',NULL,'','','由于安保和版权的原因，大多数演出、展览及比赛场所禁止携带食品、饮料、专业摄录设备、打火机等物品，请您注意现场工作人员和广播的提示，予以配合','无寄存处,请自行保管携带物品，谨防贵重物品丢失。',NULL,0,'票品为有价票券，非普通商品，其背后承载的文化服务具有时效性，稀缺性等特征，不支持退换。',0,NULL,1,NULL,1,'通过身份证验票入场',1,'发票开具方：文化传媒发展有限公司',0,1,'2024-02-04 00:00:00','2024-04-08 00:00:00','2024-01-08 00:00:00',1),(3,3,1,2,1,1,'冬季恋歌—《请回答1988》韩剧主题曲演唱会','冬季恋歌','秦乐宫剧院','https://s21.ax1x.com/2024/06/06/pkYmcIs.webp',0,NULL,NULL,'https://s21.ax1x.com/2024/06/06/pkYm2in.png',6,6,'票品为有价票券，非普通商品，其背后承载的文化服务具有时效性，稀缺性等特征，不支持退换。',NULL,'支持多种票品验票后入场，如二维码电子票、纸质票。','儿童一律凭票入场','演出开始前，去【订单详情页】提交发票申请。我们会将电子发票发送至您的邮箱。','无需实名购票','对于异常订购行为，大麦网有权在订单成立或者生效之后取消相应订单。异常订购行为包括但不限于以下情形： （1）通过同一ID订购超出限购张数的订单。 （2）经合理判断认为非真实消费者的下单行为，包括但不限于通过批量相同或虚构的支付账号、收货地址（包括下单时填写及最终实际收货地址）、收件人、电话号码订购超出限购张数的订单。','1.购买前请您提前规划好行程，做好相应准备，以免影响您的正常观演，感谢您的理解和配合。2.若演出受不可抗力影响延期或取消，大麦将对演出票订单按照项目官方通知方案进行处理，其他因观演发生的费用需由您自行承担。','约120分钟（以现场为准）','请于演出前约30分钟入场',NULL,'东星','100分钟','由于安保和版权的原因，大多数演出、展览及比赛场所禁止携带食品、饮料、专业摄录设备、打火机等物品，请您注意现场工作人员和广播的提示，予以配合','无寄存处,请自行保管携带物品，谨防贵重物品丢失。',300,0,'票品为有价票券，非普通商品，其背后承载的文化服务具有时效性，稀缺性等特征，不支持退换。',0,NULL,1,NULL,1,'通过身份证验票入场',1,'发票开具方：文化传媒发展有限公司',0,1,'2024-02-04 00:00:00','2024-02-04 00:00:00','2024-02-04 00:00:00',1),(5,5,1,2,2,2,'话剧《苏堤春晓》田沁鑫导演','辛柏青','国家话剧院-剧场','https://s21.ax1x.com/2024/03/20/pFW69mQ.webp',0,NULL,NULL,'https://s21.ax1x.com/2024/03/20/pFW6kYq.png',6,6,'票品为有价票券，非普通商品，其背后承载的文化服务具有时效性，稀缺性等特征，不支持退换。',NULL,'支持多种票品验票后入场，如二维码电子票、纸质票。','儿童一律凭票入场','演出开始前，去【订单详情页】提交发票申请。我们会将电子发票发送至您的邮箱。','无需实名购票','对于异常订购行为，大麦网有权在订单成立或者生效之后取消相应订单。异常订购行为包括但不限于以下情形： （1）通过同一ID订购超出限购张数的订单。 （2）经合理判断认为非真实消费者的下单行为，包括但不限于通过批量相同或虚构的支付账号、收货地址（包括下单时填写及最终实际收货地址）、收件人、电话号码订购超出限购张数的订单。','1.购买前请您提前规划好行程，做好相应准备，以免影响您的正常观演，感谢您的理解和配合。2.若演出受不可抗力影响延期或取消，大麦将对演出票订单按照项目官方通知方案进行处理，其他因观演发生的费用需由您自行承担。','约120分钟（以现场为准）','请于演出前约30分钟入场',NULL,'东星','100分钟','由于安保和版权的原因，大多数演出、展览及比赛场所禁止携带食品、饮料、专业摄录设备、打火机等物品，请您注意现场工作人员和广播的提示，予以配合','无寄存处,请自行保管携带物品，谨防贵重物品丢失。',NULL,0,'票品为有价票券，非普通商品，其背后承载的文化服务具有时效性，稀缺性等特征，不支持退换。',0,NULL,0,'本项目不支持自主选座，同一个订单优先连座',1,'通过身份证验票入场',1,'发票开具方：文化传媒发展有限公司',0,1,'2024-02-04 00:00:00','2024-02-04 00:00:00','2024-02-04 00:00:00',1),(7,7,1,2,2,2,'话剧《夜行者》','李乃文&唐旭','首都剧场','https://s21.ax1x.com/2024/03/20/pFWRugx.webp',0,NULL,NULL,'https://s21.ax1x.com/2024/03/20/pFWRKv6.png',6,6,'票品为有价票券，非普通商品，其背后承载的文化服务具有时效性，稀缺性等特征，不支持退换。',NULL,'支持多种票品验票后入场，如二维码电子票、纸质票。','儿童一律凭票入场','演出开始前，去【订单详情页】提交发票申请。我们会将电子发票发送至您的邮箱。','无需实名购票','对于异常订购行为，大麦网有权在订单成立或者生效之后取消相应订单。异常订购行为包括但不限于以下情形： （1）通过同一ID订购超出限购张数的订单。 （2）经合理判断认为非真实消费者的下单行为，包括但不限于通过批量相同或虚构的支付账号、收货地址（包括下单时填写及最终实际收货地址）、收件人、电话号码订购超出限购张数的订单。','1.购买前请您提前规划好行程，做好相应准备，以免影响您的正常观演，感谢您的理解和配合。2.若演出受不可抗力影响延期或取消，大麦将对演出票订单按照项目官方通知方案进行处理，其他因观演发生的费用需由您自行承担。','约120分钟（以现场为准）','请于演出前约30分钟入场',NULL,'东星','100分钟','由于安保和版权的原因，大多数演出、展览及比赛场所禁止携带食品、饮料、专业摄录设备、打火机等物品，请您注意现场工作人员和广播的提示，予以配合','无寄存处,请自行保管携带物品，谨防贵重物品丢失。',NULL,0,'票品为有价票券，非普通商品，其背后承载的文化服务具有时效性，稀缺性等特征，不支持退换。',0,NULL,0,'本项目不支持自主选座，同一个订单优先连座',1,'通过身份证验票入场',1,'发票开具方：文化传媒发展有限公司',0,1,'2024-02-04 00:00:00','2024-02-04 00:00:00','2024-02-04 00:00:00',1),(9,9,1,2,2,2,'杨丽萍导演作品 新东方美学舞剧《平潭映象》','','北京展览馆剧场','https://s21.ax1x.com/2024/03/20/pFWRIZF.webp',0,NULL,NULL,'https://s21.ax1x.com/2024/03/20/pFWRoa4.png',6,6,'票品为有价票券，非普通商品，其背后承载的文化服务具有时效性，稀缺性等特征，不支持退换。',NULL,'支持多种票品验票后入场，如二维码电子票、纸质票。','儿童一律凭票入场','演出开始前，去【订单详情页】提交发票申请。我们会将电子发票发送至您的邮箱。','无需实名购票','对于异常订购行为，大麦网有权在订单成立或者生效之后取消相应订单。异常订购行为包括但不限于以下情形： （1）通过同一ID订购超出限购张数的订单。 （2）经合理判断认为非真实消费者的下单行为，包括但不限于通过批量相同或虚构的支付账号、收货地址（包括下单时填写及最终实际收货地址）、收件人、电话号码订购超出限购张数的订单。','1.购买前请您提前规划好行程，做好相应准备，以免影响您的正常观演，感谢您的理解和配合。2.若演出受不可抗力影响延期或取消，大麦将对演出票订单按照项目官方通知方案进行处理，其他因观演发生的费用需由您自行承担。','约120分钟（以现场为准）','请于演出前约30分钟入场',NULL,'东星','100分钟','由于安保和版权的原因，大多数演出、展览及比赛场所禁止携带食品、饮料、专业摄录设备、打火机等物品，请您注意现场工作人员和广播的提示，予以配合','无寄存处,请自行保管携带物品，谨防贵重物品丢失。',NULL,0,'票品为有价票券，非普通商品，其背后承载的文化服务具有时效性，稀缺性等特征，不支持退换。',0,NULL,0,'本项目不支持自主选座，同一个订单优先连座',1,'通过身份证验票入场',1,'发票开具方：文化传媒发展有限公司',0,1,'2024-02-04 00:00:00','2024-02-04 00:00:00','2024-02-04 00:00:00',1),(11,11,1,2,2,2,'【沉浸式互动戏剧】新年大戏｜侦探悬疑喜剧《完美犯罪》环境式爱笑—法庭剧场演出','','雍和宫喜剧剧场','https://s21.ax1x.com/2024/03/20/pFWRjsK.webp',0,NULL,NULL,'https://s21.ax1x.com/2024/03/20/pFWRvqO.png',6,6,'票品为有价票券，非普通商品，其背后承载的文化服务具有时效性，稀缺性等特征，不支持退换。',NULL,'支持多种票品验票后入场，如二维码电子票、纸质票。','儿童一律凭票入场','演出开始前，去【订单详情页】提交发票申请。我们会将电子发票发送至您的邮箱。','无需实名购票','对于异常订购行为，大麦网有权在订单成立或者生效之后取消相应订单。异常订购行为包括但不限于以下情形： （1）通过同一ID订购超出限购张数的订单。 （2）经合理判断认为非真实消费者的下单行为，包括但不限于通过批量相同或虚构的支付账号、收货地址（包括下单时填写及最终实际收货地址）、收件人、电话号码订购超出限购张数的订单。','1.购买前请您提前规划好行程，做好相应准备，以免影响您的正常观演，感谢您的理解和配合。2.若演出受不可抗力影响延期或取消，大麦将对演出票订单按照项目官方通知方案进行处理，其他因观演发生的费用需由您自行承担。','约120分钟（以现场为准）','请于演出前约30分钟入场',NULL,'东星','100分钟','由于安保和版权的原因，大多数演出、展览及比赛场所禁止携带食品、饮料、专业摄录设备、打火机等物品，请您注意现场工作人员和广播的提示，予以配合','无寄存处,请自行保管携带物品，谨防贵重物品丢失。',NULL,0,'票品为有价票券，非普通商品，其背后承载的文化服务具有时效性，稀缺性等特征，不支持退换。',0,NULL,0,'本项目不支持自主选座，同一个订单优先连座',1,'通过身份证验票入场',1,'发票开具方：文化传媒发展有限公司',0,1,'2024-02-04 00:00:00','2024-02-04 00:00:00','2024-02-04 00:00:00',1),(13,13,1,2,2,2,'法语原版音乐剧《唐璜》','','天桥艺术中心-大剧场','https://s21.ax1x.com/2024/03/20/pFWWPJA.webp',0,NULL,NULL,'https://s21.ax1x.com/2024/03/20/pFWWFzt.png',6,6,'票品为有价票券，非普通商品，其背后承载的文化服务具有时效性，稀缺性等特征，不支持退换。',NULL,'支持多种票品验票后入场，如二维码电子票、纸质票。','儿童一律凭票入场','演出开始前，去【订单详情页】提交发票申请。我们会将电子发票发送至您的邮箱。','无需实名购票','对于异常订购行为，大麦网有权在订单成立或者生效之后取消相应订单。异常订购行为包括但不限于以下情形： （1）通过同一ID订购超出限购张数的订单。 （2）经合理判断认为非真实消费者的下单行为，包括但不限于通过批量相同或虚构的支付账号、收货地址（包括下单时填写及最终实际收货地址）、收件人、电话号码订购超出限购张数的订单。','1.购买前请您提前规划好行程，做好相应准备，以免影响您的正常观演，感谢您的理解和配合。2.若演出受不可抗力影响延期或取消，大麦将对演出票订单按照项目官方通知方案进行处理，其他因观演发生的费用需由您自行承担。','约120分钟（以现场为准）','请于演出前约30分钟入场',NULL,'东星','100分钟','由于安保和版权的原因，大多数演出、展览及比赛场所禁止携带食品、饮料、专业摄录设备、打火机等物品，请您注意现场工作人员和广播的提示，予以配合','无寄存处,请自行保管携带物品，谨防贵重物品丢失。',NULL,0,'票品为有价票券，非普通商品，其背后承载的文化服务具有时效性，稀缺性等特征，不支持退换。',0,NULL,0,'本项目不支持自主选座，同一个订单优先连座',1,'通过身份证验票入场',1,'发票开具方：文化传媒发展有限公司',0,1,'2024-02-04 00:00:00','2024-02-04 00:00:00','2024-02-04 00:00:00',1),(15,15,1,2,2,2,'俄罗斯芭蕾国家剧院《天鹅湖》','','天桥剧场','https://s21.ax1x.com/2024/03/20/pFWozc9.webp',0,NULL,NULL,'https://s21.ax1x.com/2024/03/20/pFWTSXR.png',6,6,'票品为有价票券，非普通商品，其背后承载的文化服务具有时效性，稀缺性等特征，不支持退换。',NULL,'支持多种票品验票后入场，如二维码电子票、纸质票。','儿童一律凭票入场','演出开始前，去【订单详情页】提交发票申请。我们会将电子发票发送至您的邮箱。','无需实名购票','对于异常订购行为，大麦网有权在订单成立或者生效之后取消相应订单。异常订购行为包括但不限于以下情形： （1）通过同一ID订购超出限购张数的订单。 （2）经合理判断认为非真实消费者的下单行为，包括但不限于通过批量相同或虚构的支付账号、收货地址（包括下单时填写及最终实际收货地址）、收件人、电话号码订购超出限购张数的订单。','1.购买前请您提前规划好行程，做好相应准备，以免影响您的正常观演，感谢您的理解和配合。2.若演出受不可抗力影响延期或取消，大麦将对演出票订单按照项目官方通知方案进行处理，其他因观演发生的费用需由您自行承担。','约120分钟（以现场为准）','请于演出前约30分钟入场',NULL,'东星','100分钟','由于安保和版权的原因，大多数演出、展览及比赛场所禁止携带食品、饮料、专业摄录设备、打火机等物品，请您注意现场工作人员和广播的提示，予以配合','无寄存处,请自行保管携带物品，谨防贵重物品丢失。',NULL,0,'票品为有价票券，非普通商品，其背后承载的文化服务具有时效性，稀缺性等特征，不支持退换。',0,NULL,0,'本项目不支持自主选座，同一个订单优先连座',1,'通过身份证验票入场',1,'发票开具方：文化传媒发展有限公司',0,1,'2024-02-04 00:00:00','2024-02-04 00:00:00','2024-02-04 00:00:00',1),(17,17,1,2,2,2,'泱泱国风 民族经典 中国歌剧舞剧院鸿篇巨制舞剧《李白》','','天桥艺术中心-大剧场 ','https://s21.ax1x.com/2024/03/20/pFWoXhF.webp',0,NULL,NULL,'https://s21.ax1x.com/2024/03/20/pFWovp4.png',6,6,'票品为有价票券，非普通商品，其背后承载的文化服务具有时效性，稀缺性等特征，不支持退换。',NULL,'支持多种票品验票后入场，如二维码电子票、纸质票。','儿童一律凭票入场','演出开始前，去【订单详情页】提交发票申请。我们会将电子发票发送至您的邮箱。','无需实名购票','对于异常订购行为，大麦网有权在订单成立或者生效之后取消相应订单。异常订购行为包括但不限于以下情形： （1）通过同一ID订购超出限购张数的订单。 （2）经合理判断认为非真实消费者的下单行为，包括但不限于通过批量相同或虚构的支付账号、收货地址（包括下单时填写及最终实际收货地址）、收件人、电话号码订购超出限购张数的订单。','1.购买前请您提前规划好行程，做好相应准备，以免影响您的正常观演，感谢您的理解和配合。2.若演出受不可抗力影响延期或取消，大麦将对演出票订单按照项目官方通知方案进行处理，其他因观演发生的费用需由您自行承担。','约120分钟（以现场为准）','请于演出前约30分钟入场',NULL,'东星','100分钟','由于安保和版权的原因，大多数演出、展览及比赛场所禁止携带食品、饮料、专业摄录设备、打火机等物品，请您注意现场工作人员和广播的提示，予以配合','无寄存处,请自行保管携带物品，谨防贵重物品丢失。',NULL,0,'票品为有价票券，非普通商品，其背后承载的文化服务具有时效性，稀缺性等特征，不支持退换。',0,NULL,0,'本项目不支持自主选座，同一个订单优先连座',1,'通过身份证验票入场',1,'发票开具方：文化传媒发展有限公司',0,1,'2024-02-04 00:00:00','2024-02-04 00:00:00','2024-02-04 00:00:00',1),(19,19,1,2,4,4,'东映动漫大型舞台剧《屁屁侦探之怪盗U对怪盗U》','','北京展览馆剧场','https://s21.ax1x.com/2024/03/20/pFWTFAK.webp',0,NULL,NULL,'https://s21.ax1x.com/2024/03/20/pFWTktO.png',6,6,'票品为有价票券，非普通商品，其背后承载的文化服务具有时效性，稀缺性等特征，不支持退换。',NULL,'支持多种票品验票后入场，如二维码电子票、纸质票。','儿童一律凭票入场','演出开始前，去【订单详情页】提交发票申请。我们会将电子发票发送至您的邮箱。','无需实名购票','对于异常订购行为，大麦网有权在订单成立或者生效之后取消相应订单。异常订购行为包括但不限于以下情形： （1）通过同一ID订购超出限购张数的订单。 （2）经合理判断认为非真实消费者的下单行为，包括但不限于通过批量相同或虚构的支付账号、收货地址（包括下单时填写及最终实际收货地址）、收件人、电话号码订购超出限购张数的订单。','1.购买前请您提前规划好行程，做好相应准备，以免影响您的正常观演，感谢您的理解和配合。2.若演出受不可抗力影响延期或取消，大麦将对演出票订单按照项目官方通知方案进行处理，其他因观演发生的费用需由您自行承担。','约120分钟（以现场为准）','请于演出前约30分钟入场',NULL,'东星','100分钟','由于安保和版权的原因，大多数演出、展览及比赛场所禁止携带食品、饮料、专业摄录设备、打火机等物品，请您注意现场工作人员和广播的提示，予以配合','无寄存处,请自行保管携带物品，谨防贵重物品丢失。',NULL,0,'票品为有价票券，非普通商品，其背后承载的文化服务具有时效性，稀缺性等特征，不支持退换。',0,NULL,0,'本项目不支持自主选座，同一个订单优先连座',1,'通过身份证验票入场',1,'发票开具方：文化传媒发展有限公司',0,1,'2024-02-04 00:00:00','2024-02-04 00:00:00','2024-02-04 00:00:00',1),(21,21,1,2,3,3,'乒乓球大赛','','海淀体育场','https://s21.ax1x.com/2024/07/07/pkWN3Yn.jpg',0,NULL,NULL,'https://s21.ax1x.com/2024/07/07/pkWN3Yn.jpg',6,6,'票品为有价票券，非普通商品，其背后承载的文化服务具有时效性，稀缺性等特征，不支持退换。',NULL,'支持多种票品验票后入场，如二维码电子票、纸质票。','儿童一律凭票入场','演出开始前，去【订单详情页】提交发票申请。我们会将电子发票发送至您的邮箱。','无需实名购票','对于异常订购行为，大麦网有权在订单成立或者生效之后取消相应订单。异常订购行为包括但不限于以下情形： （1）通过同一ID订购超出限购张数的订单。 （2）经合理判断认为非真实消费者的下单行为，包括但不限于通过批量相同或虚构的支付账号、收货地址（包括下单时填写及最终实际收货地址）、收件人、电话号码订购超出限购张数的订单。','1.购买前请您提前规划好行程，做好相应准备，以免影响您的正常观演，感谢您的理解和配合。2.若演出受不可抗力影响延期或取消，大麦将对演出票订单按照项目官方通知方案进行处理，其他因观演发生的费用需由您自行承担。','约120分钟（以现场为准）','请于演出前约30分钟入场',NULL,'东星','100分钟','由于安保和版权的原因，大多数演出、展览及比赛场所禁止携带食品、饮料、专业摄录设备、打火机等物品，请您注意现场工作人员和广播的提示，予以配合','无寄存处,请自行保管携带物品，谨防贵重物品丢失。',NULL,0,'票品为有价票券，非普通商品，其背后承载的文化服务具有时效性，稀缺性等特征，不支持退换。',0,NULL,0,'本项目不支持自主选座，同一个订单优先连座',1,'通过身份证验票入场',1,'发票开具方：文化传媒发展有限公司',0,1,'2024-02-04 00:00:00','2024-02-04 00:00:00','2024-02-04 00:00:00',1),(23,23,1,2,4,4,'大型全景多媒体舞台剧《冰雪女王Ⅰ艾莎之星梦奇缘》','','北京展览馆剧场','https://s21.ax1x.com/2024/03/21/pFfrfII.jpg',0,NULL,NULL,'https://s21.ax1x.com/2024/03/21/pFfrRZd.png',6,6,'票品为有价票券，非普通商品，其背后承载的文化服务具有时效性，稀缺性等特征，不支持退换。',NULL,'支持多种票品验票后入场，如二维码电子票、纸质票。','儿童一律凭票入场','演出开始前，去【订单详情页】提交发票申请。我们会将电子发票发送至您的邮箱。','无需实名购票','对于异常订购行为，大麦网有权在订单成立或者生效之后取消相应订单。异常订购行为包括但不限于以下情形： （1）通过同一ID订购超出限购张数的订单。 （2）经合理判断认为非真实消费者的下单行为，包括但不限于通过批量相同或虚构的支付账号、收货地址（包括下单时填写及最终实际收货地址）、收件人、电话号码订购超出限购张数的订单。','1.购买前请您提前规划好行程，做好相应准备，以免影响您的正常观演，感谢您的理解和配合。2.若演出受不可抗力影响延期或取消，大麦将对演出票订单按照项目官方通知方案进行处理，其他因观演发生的费用需由您自行承担。','约120分钟（以现场为准）','请于演出前约30分钟入场',NULL,'东星','100分钟','由于安保和版权的原因，大多数演出、展览及比赛场所禁止携带食品、饮料、专业摄录设备、打火机等物品，请您注意现场工作人员和广播的提示，予以配合','无寄存处,请自行保管携带物品，谨防贵重物品丢失。',NULL,0,'票品为有价票券，非普通商品，其背后承载的文化服务具有时效性，稀缺性等特征，不支持退换。',0,NULL,0,'本项目不支持自主选座，同一个订单优先连座',1,'通过身份证验票入场',1,'发票开具方：文化传媒发展有限公司',0,1,'2024-02-04 00:00:00','2024-02-04 00:00:00','2024-02-04 00:00:00',1),(25,25,1,2,4,4,'沉浸互动益智儿童剧神探爆梗岛之【小小福尔摩斯】全景互动|悬疑推理','','雍和宫喜剧剧场','https://s21.ax1x.com/2024/03/21/pFfrsxO.jpg',0,NULL,NULL,'https://s21.ax1x.com/2024/03/21/pFfrrRK.png',6,6,'票品为有价票券，非普通商品，其背后承载的文化服务具有时效性，稀缺性等特征，不支持退换。',NULL,'支持多种票品验票后入场，如二维码电子票、纸质票。','儿童一律凭票入场','演出开始前，去【订单详情页】提交发票申请。我们会将电子发票发送至您的邮箱。','无需实名购票','对于异常订购行为，大麦网有权在订单成立或者生效之后取消相应订单。异常订购行为包括但不限于以下情形： （1）通过同一ID订购超出限购张数的订单。 （2）经合理判断认为非真实消费者的下单行为，包括但不限于通过批量相同或虚构的支付账号、收货地址（包括下单时填写及最终实际收货地址）、收件人、电话号码订购超出限购张数的订单。','1.购买前请您提前规划好行程，做好相应准备，以免影响您的正常观演，感谢您的理解和配合。2.若演出受不可抗力影响延期或取消，大麦将对演出票订单按照项目官方通知方案进行处理，其他因观演发生的费用需由您自行承担。','约120分钟（以现场为准）','请于演出前约30分钟入场',NULL,'东星','100分钟','由于安保和版权的原因，大多数演出、展览及比赛场所禁止携带食品、饮料、专业摄录设备、打火机等物品，请您注意现场工作人员和广播的提示，予以配合','无寄存处,请自行保管携带物品，谨防贵重物品丢失。',NULL,0,'票品为有价票券，非普通商品，其背后承载的文化服务具有时效性，稀缺性等特征，不支持退换。',0,NULL,0,'本项目不支持自主选座，同一个订单优先连座',1,'通过身份证验票入场',1,'发票开具方：文化传媒发展有限公司',0,1,'2024-02-04 00:00:00','2024-02-04 00:00:00','2024-02-04 00:00:00',1),(27,27,1,2,4,4,'百老汇正版互动科学剧《物理秀》','','北京展览馆剧场','https://s21.ax1x.com/2024/03/21/pFfrdaR.jpg',0,NULL,NULL,'https://s21.ax1x.com/2024/03/21/pFfrMan.png',6,6,'票品为有价票券，非普通商品，其背后承载的文化服务具有时效性，稀缺性等特征，不支持退换。',NULL,'支持多种票品验票后入场，如二维码电子票、纸质票。','儿童一律凭票入场','演出开始前，去【订单详情页】提交发票申请。我们会将电子发票发送至您的邮箱。','无需实名购票','对于异常订购行为，大麦网有权在订单成立或者生效之后取消相应订单。异常订购行为包括但不限于以下情形： （1）通过同一ID订购超出限购张数的订单。 （2）经合理判断认为非真实消费者的下单行为，包括但不限于通过批量相同或虚构的支付账号、收货地址（包括下单时填写及最终实际收货地址）、收件人、电话号码订购超出限购张数的订单。','1.购买前请您提前规划好行程，做好相应准备，以免影响您的正常观演，感谢您的理解和配合。2.若演出受不可抗力影响延期或取消，大麦将对演出票订单按照项目官方通知方案进行处理，其他因观演发生的费用需由您自行承担。','约120分钟（以现场为准）','请于演出前约30分钟入场',NULL,'东星','100分钟','由于安保和版权的原因，大多数演出、展览及比赛场所禁止携带食品、饮料、专业摄录设备、打火机等物品，请您注意现场工作人员和广播的提示，予以配合','无寄存处,请自行保管携带物品，谨防贵重物品丢失。',NULL,0,'票品为有价票券，非普通商品，其背后承载的文化服务具有时效性，稀缺性等特征，不支持退换。',0,NULL,0,'本项目不支持自主选座，同一个订单优先连座',1,'通过身份证验票入场',1,'发票开具方：文化传媒发展有限公司',0,1,'2024-02-04 00:00:00','2024-02-04 00:00:00','2024-02-04 00:00:00',1),(29,29,1,2,4,4,'小猪佩奇舞台剧《完美的下雨天》','','未来剧院','https://s21.ax1x.com/2024/03/22/pFfTPdP.webp',0,NULL,NULL,'https://s21.ax1x.com/2024/03/22/pFfTiIf.png',6,6,'票品为有价票券，非普通商品，其背后承载的文化服务具有时效性，稀缺性等特征，不支持退换。',NULL,'支持多种票品验票后入场，如二维码电子票、纸质票。','儿童一律凭票入场','演出开始前，去【订单详情页】提交发票申请。我们会将电子发票发送至您的邮箱。','无需实名购票','对于异常订购行为，大麦网有权在订单成立或者生效之后取消相应订单。异常订购行为包括但不限于以下情形： （1）通过同一ID订购超出限购张数的订单。 （2）经合理判断认为非真实消费者的下单行为，包括但不限于通过批量相同或虚构的支付账号、收货地址（包括下单时填写及最终实际收货地址）、收件人、电话号码订购超出限购张数的订单。','1.购买前请您提前规划好行程，做好相应准备，以免影响您的正常观演，感谢您的理解和配合。2.若演出受不可抗力影响延期或取消，大麦将对演出票订单按照项目官方通知方案进行处理，其他因观演发生的费用需由您自行承担。','约120分钟（以现场为准）','请于演出前约30分钟入场',NULL,'东星','100分钟','由于安保和版权的原因，大多数演出、展览及比赛场所禁止携带食品、饮料、专业摄录设备、打火机等物品，请您注意现场工作人员和广播的提示，予以配合','无寄存处,请自行保管携带物品，谨防贵重物品丢失。',NULL,0,'票品为有价票券，非普通商品，其背后承载的文化服务具有时效性，稀缺性等特征，不支持退换。',0,NULL,0,'本项目不支持自主选座，同一个订单优先连座',1,'通过身份证验票入场',1,'发票开具方：文化传媒发展有限公司',0,1,'2024-02-04 00:00:00','2024-02-04 00:00:00','2024-02-04 00:00:00',1),(31,31,1,2,4,4,'儿童音乐舞台剧《神探艾小坡》','','未来剧院','https://s21.ax1x.com/2024/03/22/pFfTpqI.jpg',0,NULL,NULL,'https://s21.ax1x.com/2024/03/22/pFfTCZt.png',6,6,'票品为有价票券，非普通商品，其背后承载的文化服务具有时效性，稀缺性等特征，不支持退换。',NULL,'支持多种票品验票后入场，如二维码电子票、纸质票。','儿童一律凭票入场','演出开始前，去【订单详情页】提交发票申请。我们会将电子发票发送至您的邮箱。','无需实名购票','对于异常订购行为，大麦网有权在订单成立或者生效之后取消相应订单。异常订购行为包括但不限于以下情形： （1）通过同一ID订购超出限购张数的订单。 （2）经合理判断认为非真实消费者的下单行为，包括但不限于通过批量相同或虚构的支付账号、收货地址（包括下单时填写及最终实际收货地址）、收件人、电话号码订购超出限购张数的订单。','1.购买前请您提前规划好行程，做好相应准备，以免影响您的正常观演，感谢您的理解和配合。2.若演出受不可抗力影响延期或取消，大麦将对演出票订单按照项目官方通知方案进行处理，其他因观演发生的费用需由您自行承担。','约120分钟（以现场为准）','请于演出前约30分钟入场',NULL,'东星','100分钟','由于安保和版权的原因，大多数演出、展览及比赛场所禁止携带食品、饮料、专业摄录设备、打火机等物品，请您注意现场工作人员和广播的提示，予以配合','无寄存处,请自行保管携带物品，谨防贵重物品丢失。',NULL,0,'票品为有价票券，非普通商品，其背后承载的文化服务具有时效性，稀缺性等特征，不支持退换。',0,NULL,0,'本项目不支持自主选座，同一个订单优先连座',1,'通过身份证验票入场',1,'发票开具方：文化传媒发展有限公司',0,1,'2024-02-04 00:00:00','2024-02-04 00:00:00','2024-02-04 00:00:00',1),(33,33,1,2,3,3,'羽毛球大赛','','北京体育馆','https://s21.ax1x.com/2024/07/07/pkWtUIA.jpg',0,NULL,NULL,'https://s21.ax1x.com/2024/07/07/pkWtUIA.jpg',6,6,'票品为有价票券，非普通商品，其背后承载的文化服务具有时效性，稀缺性等特征，不支持退换。',NULL,'支持多种票品验票后入场，如二维码电子票、纸质票。','儿童一律凭票入场','演出开始前，去【订单详情页】提交发票申请。我们会将电子发票发送至您的邮箱。','无需实名购票','对于异常订购行为，大麦网有权在订单成立或者生效之后取消相应订单。异常订购行为包括但不限于以下情形： （1）通过同一ID订购超出限购张数的订单。 （2）经合理判断认为非真实消费者的下单行为，包括但不限于通过批量相同或虚构的支付账号、收货地址（包括下单时填写及最终实际收货地址）、收件人、电话号码订购超出限购张数的订单。','1.购买前请您提前规划好行程，做好相应准备，以免影响您的正常观演，感谢您的理解和配合。2.若演出受不可抗力影响延期或取消，大麦将对演出票订单按照项目官方通知方案进行处理，其他因观演发生的费用需由您自行承担。','约120分钟（以现场为准）','请于演出前约30分钟入场',NULL,'东星','100分钟','由于安保和版权的原因，大多数演出、展览及比赛场所禁止携带食品、饮料、专业摄录设备、打火机等物品，请您注意现场工作人员和广播的提示，予以配合','无寄存处,请自行保管携带物品，谨防贵重物品丢失。',NULL,0,'票品为有价票券，非普通商品，其背后承载的文化服务具有时效性，稀缺性等特征，不支持退换。',0,NULL,0,'本项目不支持自主选座，同一个订单优先连座',1,'通过身份证验票入场',1,'发票开具方：文化传媒发展有限公司',0,1,'2024-02-04 00:00:00','2024-02-04 00:00:00','2024-02-04 00:00:00',1),(35,35,1,2,3,3,'世界斯诺克大师赛','','北京体育馆','https://s21.ax1x.com/2024/07/06/pkWSCEq.jpg',0,NULL,NULL,'https://s21.ax1x.com/2024/07/06/pkWSPU0.jpg',6,6,'票品为有价票券，非普通商品，其背后承载的文化服务具有时效性，稀缺性等特征，不支持退换。',NULL,'支持多种票品验票后入场，如二维码电子票、纸质票。','儿童一律凭票入场','演出开始前，去【订单详情页】提交发票申请。我们会将电子发票发送至您的邮箱。','无需实名购票','对于异常订购行为，大麦网有权在订单成立或者生效之后取消相应订单。异常订购行为包括但不限于以下情形： （1）通过同一ID订购超出限购张数的订单。 （2）经合理判断认为非真实消费者的下单行为，包括但不限于通过批量相同或虚构的支付账号、收货地址（包括下单时填写及最终实际收货地址）、收件人、电话号码订购超出限购张数的订单。','1.购买前请您提前规划好行程，做好相应准备，以免影响您的正常观演，感谢您的理解和配合。2.若演出受不可抗力影响延期或取消，大麦将对演出票订单按照项目官方通知方案进行处理，其他因观演发生的费用需由您自行承担。','约120分钟（以现场为准）','请于演出前约30分钟入场',NULL,'东星','100分钟','由于安保和版权的原因，大多数演出、展览及比赛场所禁止携带食品、饮料、专业摄录设备、打火机等物品，请您注意现场工作人员和广播的提示，予以配合','无寄存处,请自行保管携带物品，谨防贵重物品丢失。',NULL,0,'票品为有价票券，非普通商品，其背后承载的文化服务具有时效性，稀缺性等特征，不支持退换。',0,NULL,0,'本项目不支持自主选座，同一个订单优先连座',1,'通过身份证验票入场',1,'发票开具方：文化传媒发展有限公司',0,1,'2024-02-04 00:00:00','2024-02-04 00:00:00','2024-02-04 00:00:00',1),(37,37,1,2,3,3,'中国男子五人制足球超级赛','','体育场','https://s21.ax1x.com/2024/05/21/pkMCoXF.png',0,NULL,NULL,'https://s21.ax1x.com/2024/05/21/pkMC7m4.png',6,6,'票品为有价票券，非普通商品，其背后承载的文化服务具有时效性，稀缺性等特征，不支持退换。',NULL,'支持多种票品验票后入场，如二维码电子票、纸质票。','儿童一律凭票入场','演出开始前，去【订单详情页】提交发票申请。我们会将电子发票发送至您的邮箱。','无需实名购票','对于异常订购行为，大麦网有权在订单成立或者生效之后取消相应订单。异常订购行为包括但不限于以下情形： （1）通过同一ID订购超出限购张数的订单。 （2）经合理判断认为非真实消费者的下单行为，包括但不限于通过批量相同或虚构的支付账号、收货地址（包括下单时填写及最终实际收货地址）、收件人、电话号码订购超出限购张数的订单。','1.购买前请您提前规划好行程，做好相应准备，以免影响您的正常观演，感谢您的理解和配合。2.若演出受不可抗力影响延期或取消，大麦将对演出票订单按照项目官方通知方案进行处理，其他因观演发生的费用需由您自行承担。','约120分钟（以现场为准）','请于演出前约30分钟入场',NULL,'东星','100分钟','由于安保和版权的原因，大多数演出、展览及比赛场所禁止携带食品、饮料、专业摄录设备、打火机等物品，请您注意现场工作人员和广播的提示，予以配合','无寄存处,请自行保管携带物品，谨防贵重物品丢失。',NULL,0,'票品为有价票券，非普通商品，其背后承载的文化服务具有时效性，稀缺性等特征，不支持退换。',0,NULL,0,'本项目不支持自主选座，同一个订单优先连座',1,'通过身份证验票入场',1,'发票开具方：文化传媒发展有限公司',0,1,'2024-02-04 00:00:00','2024-02-04 00:00:00','2024-02-04 00:00:00',1),(39,39,1,2,3,3,'拳力向未来WBO/WBC职业拳王争霸赛','','工人体育场','https://s21.ax1x.com/2024/12/19/pAOQ7KP.jpg',0,NULL,NULL,'https://s21.ax1x.com/2024/12/19/pAOQovt.png',6,6,'票品为有价票券，非普通商品，其背后承载的文化服务具有时效性，稀缺性等特征，不支持退换。',NULL,'支持多种票品验票后入场，如二维码电子票、纸质票。','儿童一律凭票入场','演出开始前，去【订单详情页】提交发票申请。我们会将电子发票发送至您的邮箱。','无需实名购票','对于异常订购行为，大麦网有权在订单成立或者生效之后取消相应订单。异常订购行为包括但不限于以下情形： （1）通过同一ID订购超出限购张数的订单。 （2）经合理判断认为非真实消费者的下单行为，包括但不限于通过批量相同或虚构的支付账号、收货地址（包括下单时填写及最终实际收货地址）、收件人、电话号码订购超出限购张数的订单。','1.购买前请您提前规划好行程，做好相应准备，以免影响您的正常观演，感谢您的理解和配合。2.若演出受不可抗力影响延期或取消，大麦将对演出票订单按照项目官方通知方案进行处理，其他因观演发生的费用需由您自行承担。','约120分钟（以现场为准）','请于演出前约30分钟入场',NULL,'东星','100分钟','由于安保和版权的原因，大多数演出、展览及比赛场所禁止携带食品、饮料、专业摄录设备、打火机等物品，请您注意现场工作人员和广播的提示，予以配合','无寄存处,请自行保管携带物品，谨防贵重物品丢失。',NULL,0,'票品为有价票券，非普通商品，其背后承载的文化服务具有时效性，稀缺性等特征，不支持退换。',0,NULL,0,'本项目不支持自主选座，同一个订单优先连座',1,'通过身份证验票入场',1,'发票开具方：文化传媒发展有限公司',0,1,'2024-02-04 00:00:00','2024-02-04 00:00:00','2024-02-04 00:00:00',1),(41,41,1,2,3,3,'利雅得胜利中国行【C罗来啦】','','体育场','https://s21.ax1x.com/2024/05/21/pkMug76.png',0,NULL,NULL,'https://s21.ax1x.com/2024/05/21/pkMuRAK.png',6,6,'票品为有价票券，非普通商品，其背后承载的文化服务具有时效性，稀缺性等特征，不支持退换。',NULL,'支持多种票品验票后入场，如二维码电子票、纸质票。','儿童一律凭票入场','演出开始前，去【订单详情页】提交发票申请。我们会将电子发票发送至您的邮箱。','无需实名购票','对于异常订购行为，大麦网有权在订单成立或者生效之后取消相应订单。异常订购行为包括但不限于以下情形： （1）通过同一ID订购超出限购张数的订单。 （2）经合理判断认为非真实消费者的下单行为，包括但不限于通过批量相同或虚构的支付账号、收货地址（包括下单时填写及最终实际收货地址）、收件人、电话号码订购超出限购张数的订单。','1.购买前请您提前规划好行程，做好相应准备，以免影响您的正常观演，感谢您的理解和配合。2.若演出受不可抗力影响延期或取消，大麦将对演出票订单按照项目官方通知方案进行处理，其他因观演发生的费用需由您自行承担。','约120分钟（以现场为准）','请于演出前约30分钟入场',NULL,'东星','100分钟','由于安保和版权的原因，大多数演出、展览及比赛场所禁止携带食品、饮料、专业摄录设备、打火机等物品，请您注意现场工作人员和广播的提示，予以配合','无寄存处,请自行保管携带物品，谨防贵重物品丢失。',NULL,0,'票品为有价票券，非普通商品，其背后承载的文化服务具有时效性，稀缺性等特征，不支持退换。',0,NULL,0,'本项目不支持自主选座，同一个订单优先连座',1,'通过身份证验票入场',1,'发票开具方：文化传媒发展有限公司',0,1,'2024-02-04 00:00:00','2024-02-04 00:00:00','2024-02-04 00:00:00',1),(43,43,1,2,4,4,'童艺出品沉浸式体验小剧场儿童剧《丑小鸭》','','海淀剧场','https://s21.ax1x.com/2024/07/06/pkRzf3D.jpg',0,NULL,NULL,'https://s21.ax1x.com/2024/07/06/pkRzhge.jpg',6,6,'票品为有价票券，非普通商品，其背后承载的文化服务具有时效性，稀缺性等特征，不支持退换。',NULL,'支持多种票品验票后入场，如二维码电子票、纸质票。','儿童一律凭票入场','演出开始前，去【订单详情页】提交发票申请。我们会将电子发票发送至您的邮箱。','无需实名购票','对于异常订购行为，大麦网有权在订单成立或者生效之后取消相应订单。异常订购行为包括但不限于以下情形： （1）通过同一ID订购超出限购张数的订单。 （2）经合理判断认为非真实消费者的下单行为，包括但不限于通过批量相同或虚构的支付账号、收货地址（包括下单时填写及最终实际收货地址）、收件人、电话号码订购超出限购张数的订单。','1.购买前请您提前规划好行程，做好相应准备，以免影响您的正常观演，感谢您的理解和配合。2.若演出受不可抗力影响延期或取消，大麦将对演出票订单按照项目官方通知方案进行处理，其他因观演发生的费用需由您自行承担。','约120分钟（以现场为准）','请于演出前约30分钟入场',NULL,'东星','100分钟','由于安保和版权的原因，大多数演出、展览及比赛场所禁止携带食品、饮料、专业摄录设备、打火机等物品，请您注意现场工作人员和广播的提示，予以配合','无寄存处,请自行保管携带物品，谨防贵重物品丢失。',NULL,0,'票品为有价票券，非普通商品，其背后承载的文化服务具有时效性，稀缺性等特征，不支持退换。',0,NULL,0,'本项目不支持自主选座，同一个订单优先连座',1,'通过身份证验票入场',1,'发票开具方：文化传媒发展有限公司',0,1,'2024-02-04 00:00:00','2024-02-04 00:00:00','2024-02-04 00:00:00',1),(45,45,1,2,3,3,'世界摩托车越野锦标赛','','国际越野赛车场 ','https://s21.ax1x.com/2024/06/12/pkUIgv8.jpg',0,NULL,NULL,'https://s21.ax1x.com/2024/06/12/pkUIcgf.jpg',6,6,'票品为有价票券，非普通商品，其背后承载的文化服务具有时效性，稀缺性等特征，不支持退换。',NULL,'支持多种票品验票后入场，如二维码电子票、纸质票。','儿童一律凭票入场','演出开始前，去【订单详情页】提交发票申请。我们会将电子发票发送至您的邮箱。','无需实名购票','对于异常订购行为，大麦网有权在订单成立或者生效之后取消相应订单。异常订购行为包括但不限于以下情形： （1）通过同一ID订购超出限购张数的订单。 （2）经合理判断认为非真实消费者的下单行为，包括但不限于通过批量相同或虚构的支付账号、收货地址（包括下单时填写及最终实际收货地址）、收件人、电话号码订购超出限购张数的订单。','1.购买前请您提前规划好行程，做好相应准备，以免影响您的正常观演，感谢您的理解和配合。2.若演出受不可抗力影响延期或取消，大麦将对演出票订单按照项目官方通知方案进行处理，其他因观演发生的费用需由您自行承担。','约120分钟（以现场为准）','请于演出前约30分钟入场',NULL,'东星','100分钟','由于安保和版权的原因，大多数演出、展览及比赛场所禁止携带食品、饮料、专业摄录设备、打火机等物品，请您注意现场工作人员和广播的提示，予以配合','无寄存处,请自行保管携带物品，谨防贵重物品丢失。',NULL,0,'票品为有价票券，非普通商品，其背后承载的文化服务具有时效性，稀缺性等特征，不支持退换。',0,NULL,0,'本项目不支持自主选座，同一个订单优先连座',1,'通过身份证验票入场',1,'发票开具方：文化传媒发展有限公司',0,1,'2024-02-04 00:00:00','2024-02-04 00:00:00','2024-02-04 00:00:00',1);
/*!40000 ALTER TABLE `d_program_1` ENABLE KEYS */;
UNLOCK TABLES;

--
-- Table structure for table `d_program_category`
--

DROP TABLE IF EXISTS `d_program_category`;
/*!40101 SET @saved_cs_client     = @@character_set_client */;
/*!40101 SET character_set_client = utf8 */;
CREATE TABLE `d_program_category` (
  `id` bigint(20) NOT NULL AUTO_INCREMENT COMMENT '主键id',
  `parent_id` bigint(20) NOT NULL DEFAULT '0' COMMENT '父id',
  `name` varchar(120) NOT NULL COMMENT '名字',
  `type` int(11) NOT NULL DEFAULT '2' COMMENT '1:一级种类 2:二级种类',
  `create_time` datetime NOT NULL COMMENT '创建时间',
  `edit_time` datetime NOT NULL COMMENT '编辑时间',
  `status` tinyint(1) NOT NULL DEFAULT '1' COMMENT '1:正常 0:删除',
  PRIMARY KEY (`id`),
  UNIQUE KEY `parent_id_name_type_idx` (`parent_id`,`name`,`type`) USING BTREE,
  KEY `parent_id` (`parent_id`),
  KEY `ctype` (`type`)
) ENGINE=InnoDB AUTO_INCREMENT=22 DEFAULT CHARSET=utf8 COMMENT='节目类型表';
/*!40101 SET character_set_client = @saved_cs_client */;

--
-- Dumping data for table `d_program_category`
--

LOCK TABLES `d_program_category` WRITE;
/*!40000 ALTER TABLE `d_program_category` DISABLE KEYS */;
INSERT INTO `d_program_category` VALUES (1,0,'演唱会',1,'2024-01-07 22:15:00','2024-01-07 22:15:00',1),(2,0,'话剧歌剧',1,'2024-01-07 22:15:00','2024-01-07 22:15:00',1),(3,0,'体育',1,'2024-01-07 22:15:00','2024-01-07 22:15:00',1),(4,0,'儿童亲子',1,'2024-01-07 22:15:00','2024-01-07 22:15:00',1),(5,0,'展览休闲',1,'2024-01-07 22:15:00','2024-01-07 22:15:00',1),(6,0,'音乐会',1,'2024-01-07 22:15:00','2024-01-07 22:15:00',1),(7,0,'曲苑杂坛',1,'2024-01-07 22:15:00','2024-01-07 22:15:00',1),(8,0,'舞蹈芭蕾',1,'2024-01-07 22:15:00','2024-01-07 22:15:00',1),(9,0,'二次元',1,'2024-01-07 22:15:00','2024-01-07 22:15:00',1),(10,0,'旅游展览',1,'2024-01-07 22:15:00','2024-01-07 22:15:00',1),(11,1,'livehouse',2,'2024-01-07 22:15:00','2024-01-07 22:15:00',1),(12,1,'其他',2,'2024-01-07 22:15:00','2024-01-07 22:15:00',1),(13,1,'音乐节',2,'2024-01-07 22:15:00','2024-01-07 22:15:00',1),(14,2,'话剧',2,'2024-01-07 22:15:00','2024-01-07 22:15:00',1),(15,2,'音乐剧',2,'2024-01-07 22:15:00','2024-01-07 22:15:00',1),(16,3,'其他',2,'2024-01-07 22:15:00','2024-01-07 22:15:00',1),(17,3,'球类运动',2,'2024-01-07 22:15:00','2024-01-07 22:15:00',1),(18,5,'展会',2,'2024-01-07 22:15:00','2024-01-07 22:15:00',1),(19,5,'特色体验',2,'2024-01-07 22:15:00','2024-01-07 22:15:00',1),(20,7,'其他',2,'2024-01-07 22:15:00','2024-01-07 22:15:00',1),(21,7,'戏曲',2,'2024-01-07 22:15:00','2024-01-07 22:15:00',1);
/*!40000 ALTER TABLE `d_program_category` ENABLE KEYS */;
UNLOCK TABLES;

--
-- Table structure for table `d_program_group_0`
--

DROP TABLE IF EXISTS `d_program_group_0`;
/*!40101 SET @saved_cs_client     = @@character_set_client */;
/*!40101 SET character_set_client = utf8 */;
CREATE TABLE `d_program_group_0` (
  `id` bigint(20) NOT NULL COMMENT '主键id',
  `program_json` text NOT NULL COMMENT '节目json',
  `recent_show_time` datetime NOT NULL COMMENT '最近的节目演出时间',
  `create_time` datetime NOT NULL COMMENT '创建时间',
  `edit_time` datetime NOT NULL COMMENT '编辑时间',
  `status` tinyint(1) NOT NULL DEFAULT '1' COMMENT '1:正常 0:删除',
  PRIMARY KEY (`id`)
) ENGINE=InnoDB DEFAULT CHARSET=utf8mb4 COMMENT='节目分组表';
/*!40101 SET character_set_client = @saved_cs_client */;

--
-- Dumping data for table `d_program_group_0`
--

LOCK TABLES `d_program_group_0` WRITE;
/*!40000 ALTER TABLE `d_program_group_0` DISABLE KEYS */;
/*!40000 ALTER TABLE `d_program_group_0` ENABLE KEYS */;
UNLOCK TABLES;

--
-- Table structure for table `d_program_group_1`
--

DROP TABLE IF EXISTS `d_program_group_1`;
/*!40101 SET @saved_cs_client     = @@character_set_client */;
/*!40101 SET character_set_client = utf8 */;
CREATE TABLE `d_program_group_1` (
  `id` bigint(20) NOT NULL COMMENT '主键id',
  `program_json` text NOT NULL COMMENT '节目json',
  `recent_show_time` datetime NOT NULL COMMENT '最近的节目演出时间',
  `create_time` datetime NOT NULL COMMENT '创建时间',
  `edit_time` datetime NOT NULL COMMENT '编辑时间',
  `status` tinyint(1) NOT NULL DEFAULT '1' COMMENT '1:正常 0:删除',
  PRIMARY KEY (`id`)
) ENGINE=InnoDB DEFAULT CHARSET=utf8mb4 COMMENT='节目分组表';
/*!40101 SET character_set_client = @saved_cs_client */;

--
-- Dumping data for table `d_program_group_1`
--

LOCK TABLES `d_program_group_1` WRITE;
/*!40000 ALTER TABLE `d_program_group_1` DISABLE KEYS */;
INSERT INTO `d_program_group_1` VALUES (1,'[{\"programId\":1,\"areaId\":2,\"areaIdName\":\"北京\"}]','2024-05-21 20:00:00','2024-04-30 20:52:00','2024-04-30 20:52:00',1),(3,'[{\"programId\":3,\"areaId\":2,\"areaIdName\":\"北京\"}]','2024-05-14 19:30:00','2024-04-30 20:52:00','2024-04-30 20:52:00',1),(5,'[{\"programId\":5,\"areaId\":2,\"areaIdName\":\"北京\"}]','2024-08-02 20:00:00','2024-04-30 20:52:00','2024-06-30 23:00:00',1),(7,'[{\"programId\":7,\"areaId\":2,\"areaIdName\":\"北京\"}]','2024-05-20 19:00:00','2024-04-30 20:52:00','2024-04-30 20:52:00',1),(9,'[{\"programId\":9,\"areaId\":2,\"areaIdName\":\"北京\"}]','2024-08-05 20:30:00','2024-04-30 20:52:00','2024-07-03 23:00:00',1),(11,'[{\"programId\":11,\"areaId\":2,\"areaIdName\":\"北京\"}]','2024-05-26 18:30:00','2024-04-30 20:52:00','2024-04-30 20:52:00',1),(13,'[{\"programId\":13,\"areaId\":2,\"areaIdName\":\"北京\"}]','2024-08-08 20:00:00','2024-04-30 20:52:00','2024-07-06 23:00:00',1),(15,'[{\"programId\":15,\"areaId\":2,\"areaIdName\":\"北京\"}]','2024-05-16 20:30:00','2024-04-30 20:52:00','2024-04-30 20:52:00',1),(17,'[{\"programId\":17,\"areaId\":2,\"areaIdName\":\"北京\"}]','2024-05-20 18:30:00','2024-04-30 20:52:00','2024-04-30 20:52:00',1),(19,'[{\"programId\":19,\"areaId\":2,\"areaIdName\":\"北京\"}]','2024-05-20 19:30:00','2024-04-30 20:52:00','2024-04-30 20:52:00',1),(21,'[{\"programId\":21,\"areaId\":2,\"areaIdName\":\"北京\"}]','2024-05-21 19:30:00','2024-04-30 20:52:00','2024-04-30 20:52:00',1),(23,'[{\"programId\":23,\"areaId\":2,\"areaIdName\":\"北京\"}]','2024-05-27 20:00:00','2024-04-30 20:52:00','2024-04-30 20:52:00',1),(25,'[{\"programId\":25,\"areaId\":2,\"areaIdName\":\"北京\"}]','2024-05-28 19:00:00','2024-04-30 20:52:00','2024-04-30 20:52:00',1),(27,'[{\"programId\":27,\"areaId\":2,\"areaIdName\":\"北京\"}]','2024-05-29 19:30:00','2024-04-30 20:52:00','2024-04-30 20:52:00',1),(29,'[{\"programId\":29,\"areaId\":2,\"areaIdName\":\"北京\"}]','2024-07-30 20:00:00','2024-04-30 20:52:00','2024-06-29 12:14:47',1),(31,'[{\"programId\":31,\"areaId\":2,\"areaIdName\":\"北京\"}]','2024-08-01 20:00:00','2024-04-30 20:52:00','2024-06-29 23:00:00',1),(33,'[{\"programId\":33,\"areaId\":2,\"areaIdName\":\"北京\"}]','2024-08-01 20:00:00','2024-04-30 20:52:00','2024-06-29 23:00:00',1),(35,'[{\"programId\":35,\"areaId\":2,\"areaIdName\":\"北京\"}]','2024-08-11 20:00:00','2024-04-30 20:52:00','2024-07-09 23:00:00',1),(37,'[{\"programId\":37,\"areaId\":2,\"areaIdName\":\"北京\"}]','2024-06-01 20:00:00','2024-04-30 20:52:00','2024-04-30 20:52:00',1),(39,'[{\"programId\":39,\"areaId\":2,\"areaIdName\":\"北京\"}]','2024-06-01 20:00:00','2024-04-30 20:52:00','2024-04-30 20:52:00',1),(41,'[{\"programId\":41,\"areaId\":2,\"areaIdName\":\"北京\"}]','2024-06-01 20:00:00','2024-04-30 20:52:00','2024-04-30 20:52:00',1),(43,'[{\"programId\":43,\"areaId\":2,\"areaIdName\":\"北京\"}]','2024-07-21 15:00:00','2024-04-30 20:52:00','2024-04-30 20:52:00',1),(45,'[{\"programId\":45,\"areaId\":2,\"areaIdName\":\"北京\"}]','2024-08-06 13:00:00','2024-04-30 20:52:00','2024-04-30 20:52:00',1);
/*!40000 ALTER TABLE `d_program_group_1` ENABLE KEYS */;
UNLOCK TABLES;

--
-- Table structure for table `d_program_show_time_0`
--

DROP TABLE IF EXISTS `d_program_show_time_0`;
/*!40101 SET @saved_cs_client     = @@character_set_client */;
/*!40101 SET character_set_client = utf8 */;
CREATE TABLE `d_program_show_time_0` (
  `id` bigint(20) NOT NULL COMMENT '主键id',
  `program_id` bigint(20) NOT NULL COMMENT '节目表id',
  `show_time` datetime NOT NULL COMMENT '演出时间',
  `show_day_time` datetime DEFAULT NULL COMMENT '演出时间(精确到天)',
  `show_week_time` varchar(64) NOT NULL COMMENT '演出时间所在的星期',
  `area_id` bigint(20) DEFAULT NULL COMMENT '地区id',
  `create_time` datetime DEFAULT NULL COMMENT '创建时间',
  `edit_time` datetime DEFAULT NULL COMMENT '编辑时间',
  `status` tinyint(1) NOT NULL DEFAULT '1' COMMENT '1:正常 0:删除',
  PRIMARY KEY (`id`),
  KEY `program_id_idx` (`program_id`) USING BTREE,
  KEY `show_time_idx` (`show_time`) USING BTREE,
  KEY `show_day_time_idx` (`show_day_time`) USING BTREE
) ENGINE=InnoDB DEFAULT CHARSET=utf8mb4 COMMENT='节目演出时间表';
/*!40101 SET character_set_client = @saved_cs_client */;

--
-- Dumping data for table `d_program_show_time_0`
--

LOCK TABLES `d_program_show_time_0` WRITE;
/*!40000 ALTER TABLE `d_program_show_time_0` DISABLE KEYS */;
/*!40000 ALTER TABLE `d_program_show_time_0` ENABLE KEYS */;
UNLOCK TABLES;

--
-- Table structure for table `d_program_show_time_1`
--

DROP TABLE IF EXISTS `d_program_show_time_1`;
/*!40101 SET @saved_cs_client     = @@character_set_client */;
/*!40101 SET character_set_client = utf8 */;
CREATE TABLE `d_program_show_time_1` (
  `id` bigint(20) NOT NULL COMMENT '主键id',
  `program_id` bigint(20) NOT NULL COMMENT '节目表id',
  `show_time` datetime NOT NULL COMMENT '演出时间',
  `show_day_time` datetime DEFAULT NULL COMMENT '演出时间(精确到天)',
  `show_week_time` varchar(64) NOT NULL COMMENT '演出时间所在的星期',
  `area_id` bigint(20) DEFAULT NULL COMMENT '地区id',
  `create_time` datetime DEFAULT NULL COMMENT '创建时间',
  `edit_time` datetime DEFAULT NULL COMMENT '编辑时间',
  `status` tinyint(1) NOT NULL DEFAULT '1' COMMENT '1:正常 0:删除',
  PRIMARY KEY (`id`),
  KEY `program_id_idx` (`program_id`) USING BTREE,
  KEY `show_time_idx` (`show_time`) USING BTREE,
  KEY `show_day_time_idx` (`show_day_time`) USING BTREE
) ENGINE=InnoDB DEFAULT CHARSET=utf8mb4 COMMENT='节目演出时间表';
/*!40101 SET character_set_client = @saved_cs_client */;

--
-- Dumping data for table `d_program_show_time_1`
--

LOCK TABLES `d_program_show_time_1` WRITE;
/*!40000 ALTER TABLE `d_program_show_time_1` DISABLE KEYS */;
INSERT INTO `d_program_show_time_1` VALUES (1,1,'2024-07-21 20:00:00','2024-07-21 00:00:00','周日',NULL,'2024-01-08 00:00:00','2024-06-20 21:18:53',1),(2,3,'2024-07-14 19:30:00','2024-07-14 00:00:00','周日',NULL,'2024-02-04 00:00:00','2024-06-13 23:00:01',1),(3,5,'2024-08-02 20:00:00','2024-08-02 00:00:00','周五',NULL,'2024-01-08 00:00:00','2024-06-30 23:00:00',1),(4,7,'2024-07-20 19:00:00','2024-07-20 00:00:00','周六',NULL,'2024-01-08 00:00:00','2024-06-19 22:18:27',1),(5,9,'2024-08-05 20:30:00','2024-08-05 00:00:00','周一',NULL,'2024-01-08 00:00:00','2024-07-03 23:00:00',1),(6,11,'2024-07-26 18:30:00','2024-07-26 00:00:00','周五',NULL,'2024-01-08 00:00:00','2024-06-25 20:25:46',1),(7,13,'2024-08-08 20:00:00','2024-08-08 00:00:00','周四',NULL,'2024-01-08 00:00:00','2024-07-06 23:00:00',1),(8,15,'2024-07-16 20:30:00','2024-07-16 00:00:00','周二',NULL,'2024-01-08 00:00:00','2024-06-15 23:00:01',1),(9,17,'2024-07-20 18:30:00','2024-07-20 00:00:00','周六',NULL,'2024-01-08 00:00:00','2024-06-19 22:18:27',1),(10,19,'2024-07-20 19:30:00','2024-07-20 00:00:00','周六',NULL,'2024-01-08 00:00:00','2024-06-19 22:18:27',1),(11,21,'2024-07-21 19:30:00','2024-07-21 00:00:00','周日',NULL,'2024-01-08 00:00:00','2024-06-20 21:18:53',1),(12,23,'2024-07-27 20:00:00','2024-07-27 00:00:00','周六',NULL,'2024-01-08 00:00:00','2024-06-26 23:00:02',1),(13,25,'2024-07-28 19:00:00','2024-07-28 00:00:00','周日',NULL,'2024-01-08 00:00:00','2024-06-27 23:00:02',1),(14,27,'2024-07-29 19:30:00','2024-07-29 00:00:00','周一',NULL,'2024-01-08 00:00:00','2024-06-28 22:26:09',1),(15,29,'2024-07-30 20:00:00','2024-07-30 00:00:00','周二',NULL,'2024-01-08 00:00:00','2024-06-29 12:14:43',1),(16,31,'2024-08-01 20:00:00','2024-08-01 00:00:00','周四',NULL,'2024-01-08 00:00:00','2024-06-29 23:00:00',1),(17,33,'2024-08-01 20:00:00','2024-08-01 00:00:00','周四',NULL,'2024-01-08 00:00:00','2024-06-29 23:00:00',1),(18,35,'2024-08-11 20:00:00','2024-08-11 00:00:00','周日',NULL,'2024-01-08 00:00:00','2024-07-09 23:00:00',1),(19,37,'2024-07-15 20:00:00','2024-07-15 00:00:00','周一',NULL,'2024-01-08 00:00:00','2024-05-01 15:44:24',1),(20,39,'2024-07-16 20:00:00','2024-07-16 00:00:00','周二',NULL,'2024-01-08 00:00:00','2024-05-01 15:44:24',1),(21,41,'2024-07-20 20:00:00','2024-07-20 00:00:00','周六',NULL,'2024-01-08 00:00:00','2024-05-01 15:44:24',1),(22,43,'2024-07-21 15:00:00','2024-07-21 00:00:00','周日',NULL,'2024-01-08 00:00:00','2024-05-01 15:44:24',1),(23,45,'2024-08-06 13:00:00','2024-08-06 00:00:00','周二',NULL,'2024-01-08 00:00:00','2024-07-04 23:00:00',1);
/*!40000 ALTER TABLE `d_program_show_time_1` ENABLE KEYS */;
UNLOCK TABLES;

--
-- Table structure for table `d_seat_0`
--

DROP TABLE IF EXISTS `d_seat_0`;
/*!40101 SET @saved_cs_client     = @@character_set_client */;
/*!40101 SET character_set_client = utf8 */;
CREATE TABLE `d_seat_0` (
  `id` bigint(20) NOT NULL AUTO_INCREMENT COMMENT '主键id',
  `program_id` bigint(20) NOT NULL COMMENT '节目表id',
  `ticket_category_id` bigint(20) NOT NULL COMMENT '节目票档id',
  `row_code` int(11) NOT NULL COMMENT '排号',
  `col_code` int(11) NOT NULL COMMENT '列号',
  `seat_type` int(3) NOT NULL COMMENT '座位类型 详见seatType枚举',
  `price` decimal(10,0) NOT NULL COMMENT '座位价格',
  `sell_status` int(3) NOT NULL DEFAULT '1' COMMENT '1未售卖 2锁定 3已售卖',
  `create_time` datetime NOT NULL COMMENT '创建时间',
  `edit_time` datetime NOT NULL COMMENT '编辑时间',
  `status` tinyint(1) NOT NULL DEFAULT '1' COMMENT '1:正常 0:删除',
  PRIMARY KEY (`id`),
  KEY `program_id_idx` (`program_id`) USING BTREE,
  KEY `row_code_idx` (`row_code`) USING BTREE,
  KEY `col_code_idx` (`col_code`) USING BTREE
) ENGINE=InnoDB DEFAULT CHARSET=utf8mb4 COMMENT='座位表';
/*!40101 SET character_set_client = @saved_cs_client */;

--
-- Dumping data for table `d_seat_0`
--

LOCK TABLES `d_seat_0` WRITE;
/*!40000 ALTER TABLE `d_seat_0` DISABLE KEYS */;
/*!40000 ALTER TABLE `d_seat_0` ENABLE KEYS */;
UNLOCK TABLES;

--
-- Table structure for table `d_seat_1`
--

DROP TABLE IF EXISTS `d_seat_1`;
/*!40101 SET @saved_cs_client     = @@character_set_client */;
/*!40101 SET character_set_client = utf8 */;
CREATE TABLE `d_seat_1` (
  `id` bigint(20) NOT NULL AUTO_INCREMENT COMMENT '主键id',
  `program_id` bigint(20) NOT NULL COMMENT '节目表id',
  `ticket_category_id` bigint(20) NOT NULL COMMENT '节目票档id',
  `row_code` int(11) NOT NULL COMMENT '排号',
  `col_code` int(11) NOT NULL COMMENT '列号',
  `seat_type` int(3) NOT NULL COMMENT '座位类型 详见seatType枚举',
  `price` decimal(10,0) NOT NULL COMMENT '座位价格',
  `sell_status` int(3) NOT NULL DEFAULT '1' COMMENT '1未售卖 2锁定 3已售卖',
  `create_time` datetime NOT NULL COMMENT '创建时间',
  `edit_time` datetime NOT NULL COMMENT '编辑时间',
  `status` tinyint(1) NOT NULL DEFAULT '1' COMMENT '1:正常 0:删除',
  PRIMARY KEY (`id`),
  KEY `program_id_idx` (`program_id`) USING BTREE,
  KEY `row_code_idx` (`row_code`) USING BTREE,
  KEY `col_code_idx` (`col_code`) USING BTREE
) ENGINE=InnoDB AUTO_INCREMENT=1291 DEFAULT CHARSET=utf8mb4 COMMENT='座位表';
/*!40101 SET character_set_client = @saved_cs_client */;

--
-- Dumping data for table `d_seat_1`
--

LOCK TABLES `d_seat_1` WRITE;
/*!40000 ALTER TABLE `d_seat_1` DISABLE KEYS */;
INSERT INTO `d_seat_1` VALUES (1,1,2,1,1,1,180,1,'2024-01-11 19:00:00','2024-01-11 19:00:00',1),(2,1,2,1,2,1,180,1,'2024-01-11 19:00:00','2024-01-11 19:00:00',1),(3,1,2,1,3,1,180,1,'2024-01-11 19:00:00','2024-01-11 19:00:00',1),(4,1,2,1,4,1,180,1,'2024-01-11 19:00:00','2024-01-11 19:00:00',1),(5,1,2,1,5,1,180,1,'2024-01-11 19:00:00','2024-01-11 19:00:00',1),(6,1,2,1,6,1,180,1,'2024-01-11 19:00:00','2024-01-11 19:00:00',1),(7,1,2,1,7,1,180,1,'2024-01-11 19:00:00','2024-01-11 19:00:00',1),(8,1,2,1,8,1,180,1,'2024-01-11 19:00:00','2024-01-11 19:00:00',1),(9,1,2,1,9,1,180,1,'2024-01-11 19:00:00','2024-01-11 19:00:00',1),(10,1,2,1,10,1,180,1,'2024-01-11 19:00:00','2024-01-11 19:00:00',1),(11,1,2,2,1,1,180,1,'2024-01-11 19:00:00','2024-01-11 19:00:00',1),(12,1,2,2,2,1,180,1,'2024-01-11 19:00:00','2024-01-11 19:00:00',1),(13,1,2,2,3,1,180,1,'2024-01-11 19:00:00','2024-01-11 19:00:00',1),(14,1,2,2,4,1,180,1,'2024-01-11 19:00:00','2024-01-11 19:00:00',1),(15,1,2,2,5,1,180,1,'2024-01-11 19:00:00','2024-01-11 19:00:00',1),(16,1,2,2,6,1,180,1,'2024-01-11 19:00:00','2024-01-11 19:00:00',1),(17,1,2,2,7,1,180,1,'2024-01-11 19:00:00','2024-01-11 19:00:00',1),(18,1,2,2,8,1,180,1,'2024-01-11 19:00:00','2024-01-11 19:00:00',1),(19,1,2,2,9,1,180,1,'2024-01-11 19:00:00','2024-01-11 19:00:00',1),(20,1,2,2,10,1,180,1,'2024-01-11 19:00:00','2024-01-11 19:00:00',1),(21,1,2,3,1,1,180,1,'2024-01-11 19:00:00','2024-01-11 19:00:00',1),(22,1,2,3,2,1,180,1,'2024-01-11 19:00:00','2024-01-11 19:00:00',1),(23,1,2,3,3,1,180,1,'2024-01-11 19:00:00','2024-01-11 19:00:00',1),(24,1,2,3,4,1,180,1,'2024-01-11 19:00:00','2024-01-11 19:00:00',1),(25,1,2,3,5,1,180,1,'2024-01-11 19:00:00','2024-01-11 19:00:00',1),(26,1,2,3,6,1,180,1,'2024-01-11 19:00:00','2024-01-11 19:00:00',1),(27,1,2,3,7,1,180,1,'2024-01-11 19:00:00','2024-01-11 19:00:00',1),(28,1,2,3,8,1,180,1,'2024-01-11 19:00:00','2024-01-11 19:00:00',1),(29,1,2,3,9,1,180,1,'2024-01-11 19:00:00','2024-01-11 19:00:00',1),(30,1,2,3,10,1,180,1,'2024-01-11 19:00:00','2024-01-11 19:00:00',1),(31,1,2,4,1,1,180,1,'2024-01-11 19:00:00','2024-01-11 19:00:00',1),(32,1,2,4,2,1,180,1,'2024-01-11 19:00:00','2024-01-11 19:00:00',1),(33,1,2,4,3,1,180,1,'2024-01-11 19:00:00','2024-01-11 19:00:00',1),(34,1,2,4,4,1,180,1,'2024-01-11 19:00:00','2024-01-11 19:00:00',1),(35,1,2,4,5,1,180,1,'2024-01-11 19:00:00','2024-01-11 19:00:00',1),(36,1,2,4,6,1,180,1,'2024-01-11 19:00:00','2024-01-11 19:00:00',1),(37,1,2,4,7,1,180,1,'2024-01-11 19:00:00','2024-01-11 19:00:00',1),(38,1,2,4,8,1,180,1,'2024-01-11 19:00:00','2024-01-11 19:00:00',1),(39,1,2,4,9,1,180,1,'2024-01-11 19:00:00','2024-01-11 19:00:00',1),(40,1,2,4,10,1,180,1,'2024-01-11 19:00:00','2024-01-11 19:00:00',1),(41,1,2,5,1,1,180,1,'2024-01-11 19:00:00','2024-01-11 19:00:00',1),(42,1,2,5,2,1,180,1,'2024-01-11 19:00:00','2024-01-11 19:00:00',1),(43,1,2,5,3,1,180,1,'2024-01-11 19:00:00','2024-01-11 19:00:00',1),(44,1,2,5,4,1,180,1,'2024-01-11 19:00:00','2024-01-11 19:00:00',1),(45,1,2,5,5,1,180,1,'2024-01-11 19:00:00','2024-01-11 19:00:00',1),(46,1,2,5,6,1,180,1,'2024-01-11 19:00:00','2024-01-11 19:00:00',1),(47,1,2,5,7,1,180,1,'2024-01-11 19:00:00','2024-01-11 19:00:00',1),(48,1,2,5,8,1,180,1,'2024-01-11 19:00:00','2024-01-11 19:00:00',1),(49,1,2,5,9,1,180,1,'2024-01-11 19:00:00','2024-01-11 19:00:00',1),(50,1,2,5,10,1,180,1,'2024-01-11 19:00:00','2024-01-11 19:00:00',1),(51,1,2,6,1,1,180,1,'2024-01-11 19:00:00','2024-01-11 19:00:00',1),(52,1,2,6,2,1,180,1,'2024-01-11 19:00:00','2024-01-11 19:00:00',1),(53,1,2,6,3,1,180,1,'2024-01-11 19:00:00','2024-01-11 19:00:00',1),(54,1,2,6,4,1,180,1,'2024-01-11 19:00:00','2024-01-11 19:00:00',1),(55,1,2,6,5,1,180,1,'2024-01-11 19:00:00','2024-01-11 19:00:00',1),(56,1,2,6,6,1,180,1,'2024-01-11 19:00:00','2024-01-11 19:00:00',1),(57,1,2,6,7,1,180,1,'2024-01-11 19:00:00','2024-01-11 19:00:00',1),(58,1,2,6,8,1,180,1,'2024-01-11 19:00:00','2024-01-11 19:00:00',1),(59,1,2,6,9,1,180,1,'2024-01-11 19:00:00','2024-01-11 19:00:00',1),(60,1,2,6,10,1,180,1,'2024-01-11 19:00:00','2024-01-11 19:00:00',1),(61,3,9,1,1,1,338,1,'2024-01-11 19:00:00','2024-01-11 19:00:00',1),(62,3,9,1,2,1,338,1,'2024-01-11 19:00:00','2024-01-11 19:00:00',1),(63,3,9,1,3,1,338,1,'2024-01-11 19:00:00','2024-01-11 19:00:00',1),(64,3,9,1,4,1,338,1,'2024-01-11 19:00:00','2024-01-11 19:00:00',1),(65,3,9,1,5,1,338,1,'2024-01-11 19:00:00','2024-01-11 19:00:00',1),(66,3,9,1,6,1,338,1,'2024-01-11 19:00:00','2024-01-11 19:00:00',1),(67,3,9,1,7,1,338,1,'2024-01-11 19:00:00','2024-01-11 19:00:00',1),(68,3,9,1,8,1,338,1,'2024-01-11 19:00:00','2024-01-11 19:00:00',1),(69,3,9,1,9,1,338,1,'2024-01-11 19:00:00','2024-01-11 19:00:00',1),(70,3,9,1,10,1,338,1,'2024-01-11 19:00:00','2024-01-11 19:00:00',1),(71,3,8,2,1,1,258,1,'2024-01-11 19:00:00','2024-01-11 19:00:00',1),(72,3,8,2,2,1,258,1,'2024-01-11 19:00:00','2024-01-11 19:00:00',1),(73,3,8,2,3,1,258,1,'2024-01-11 19:00:00','2024-01-11 19:00:00',1),(74,3,8,2,4,1,258,1,'2024-01-11 19:00:00','2024-01-11 19:00:00',1),(75,3,8,2,5,1,258,1,'2024-01-11 19:00:00','2024-01-11 19:00:00',1),(76,3,8,2,6,1,258,1,'2024-01-11 19:00:00','2024-01-11 19:00:00',1),(77,3,8,2,7,1,258,1,'2024-01-11 19:00:00','2024-01-11 19:00:00',1),(78,3,8,2,8,1,258,1,'2024-01-11 19:00:00','2024-01-11 19:00:00',1),(79,3,8,2,9,1,258,1,'2024-01-11 19:00:00','2024-01-11 19:00:00',1),(80,3,8,2,10,1,258,1,'2024-01-11 19:00:00','2024-01-11 19:00:00',1),(81,3,7,3,1,1,168,1,'2024-01-11 19:00:00','2024-01-11 19:00:00',1),(82,3,7,3,2,1,168,1,'2024-01-11 19:00:00','2024-01-11 19:00:00',1),(83,3,7,3,3,1,168,1,'2024-01-11 19:00:00','2024-01-11 19:00:00',1),(84,3,7,3,4,1,168,1,'2024-01-11 19:00:00','2024-01-11 19:00:00',1),(85,3,7,3,5,1,168,1,'2024-01-11 19:00:00','2024-01-11 19:00:00',1),(86,3,7,3,6,1,168,1,'2024-01-11 19:00:00','2024-01-11 19:00:00',1),(87,3,7,3,7,1,168,1,'2024-01-11 19:00:00','2024-01-11 19:00:00',1),(88,3,7,3,8,1,168,1,'2024-01-11 19:00:00','2024-01-11 19:00:00',1),(89,3,7,3,9,1,168,1,'2024-01-11 19:00:00','2024-01-11 19:00:00',1),(90,3,7,3,10,1,168,1,'2024-01-11 19:00:00','2024-01-11 19:00:00',1),(91,3,6,4,1,1,108,1,'2024-01-11 19:00:00','2024-01-11 19:00:00',1),(92,3,6,4,2,1,108,1,'2024-01-11 19:00:00','2024-01-11 19:00:00',1),(93,3,6,4,3,1,108,1,'2024-01-11 19:00:00','2024-01-11 19:00:00',1),(94,3,6,4,4,1,108,1,'2024-01-11 19:00:00','2024-01-11 19:00:00',1),(95,3,6,4,5,1,108,1,'2024-01-11 19:00:00','2024-01-11 19:00:00',1),(96,3,6,4,6,1,108,1,'2024-01-11 19:00:00','2024-01-11 19:00:00',1),(97,3,6,4,7,1,108,1,'2024-01-11 19:00:00','2024-01-11 19:00:00',1),(98,3,6,4,8,1,108,1,'2024-01-11 19:00:00','2024-01-11 19:00:00',1),(99,3,6,4,9,1,108,1,'2024-01-11 19:00:00','2024-01-11 19:00:00',1),(100,3,6,4,10,1,108,1,'2024-01-11 19:00:00','2024-01-11 19:00:00',1),(101,5,10,1,1,1,458,1,'2024-03-20 14:55:41','2024-03-20 14:55:41',1),(102,5,10,1,2,1,458,1,'2024-03-20 14:55:42','2024-03-20 14:55:42',1),(103,5,10,1,3,1,458,1,'2024-03-20 14:55:42','2024-03-20 14:55:42',1),(104,5,10,1,4,1,458,1,'2024-03-20 14:55:42','2024-03-20 14:55:42',1),(105,5,10,1,5,1,458,1,'2024-03-20 14:55:42','2024-03-20 14:55:42',1),(106,5,10,1,6,1,458,1,'2024-03-20 14:55:42','2024-03-20 14:55:42',1),(107,5,10,1,7,1,458,1,'2024-03-20 14:55:42','2024-03-20 14:55:42',1),(108,5,10,1,8,1,458,1,'2024-03-20 14:55:42','2024-03-20 14:55:42',1),(109,5,10,1,9,1,458,1,'2024-03-20 14:55:42','2024-03-20 14:55:42',1),(110,5,10,1,10,1,458,1,'2024-03-20 14:55:42','2024-03-20 14:55:42',1),(111,5,10,2,1,1,458,1,'2024-03-20 14:55:42','2024-03-20 14:55:42',1),(112,5,10,2,2,1,458,1,'2024-03-20 14:55:42','2024-03-20 14:55:42',1),(113,5,10,2,3,1,458,1,'2024-03-20 14:55:42','2024-03-20 14:55:42',1),(114,5,10,2,4,1,458,1,'2024-03-20 14:55:42','2024-03-20 14:55:42',1),(115,5,10,2,5,1,458,1,'2024-03-20 14:55:42','2024-03-20 14:55:42',1),(116,5,10,2,6,1,458,1,'2024-03-20 14:55:42','2024-03-20 14:55:42',1),(117,5,10,2,7,1,458,1,'2024-03-20 14:55:42','2024-03-20 14:55:42',1),(118,5,10,2,8,1,458,1,'2024-03-20 14:55:42','2024-03-20 14:55:42',1),(119,5,10,2,9,1,458,1,'2024-03-20 14:55:42','2024-03-20 14:55:42',1),(120,5,10,2,10,1,458,1,'2024-03-20 14:55:42','2024-03-20 14:55:42',1),(121,5,11,3,1,1,258,1,'2024-03-20 14:55:42','2024-03-20 14:55:42',1),(122,5,11,3,2,1,258,1,'2024-03-20 14:55:42','2024-03-20 14:55:42',1),(123,5,11,3,3,1,258,1,'2024-03-20 14:55:42','2024-03-20 14:55:42',1),(124,5,11,3,4,1,258,1,'2024-03-20 14:55:42','2024-03-20 14:55:42',1),(125,5,11,3,5,1,258,1,'2024-03-20 14:55:42','2024-03-20 14:55:42',1),(126,5,11,3,6,1,258,1,'2024-03-20 14:55:42','2024-03-20 14:55:42',1),(127,5,11,3,7,1,258,1,'2024-03-20 14:55:42','2024-03-20 14:55:42',1),(128,5,11,3,8,1,258,1,'2024-03-20 14:55:42','2024-03-20 14:55:42',1),(129,5,11,3,9,1,258,1,'2024-03-20 14:55:42','2024-03-20 14:55:42',1),(130,5,11,3,10,1,258,1,'2024-03-20 14:55:42','2024-03-20 14:55:42',1),(131,5,11,4,1,1,258,1,'2024-03-20 14:55:42','2024-03-20 14:55:42',1),(132,5,11,4,2,1,258,1,'2024-03-20 14:55:42','2024-03-20 14:55:42',1),(133,5,11,4,3,1,258,1,'2024-03-20 14:55:42','2024-03-20 14:55:42',1),(134,5,11,4,4,1,258,1,'2024-03-20 14:55:42','2024-03-20 14:55:42',1),(135,5,11,4,5,1,258,1,'2024-03-20 14:55:42','2024-03-20 14:55:42',1),(136,5,11,4,6,1,258,1,'2024-03-20 14:55:42','2024-03-20 14:55:42',1),(137,5,11,4,7,1,258,1,'2024-03-20 14:55:42','2024-03-20 14:55:42',1),(138,5,11,4,8,1,258,1,'2024-03-20 14:55:42','2024-03-20 14:55:42',1),(139,5,11,4,9,1,258,1,'2024-03-20 14:55:42','2024-03-20 14:55:42',1),(140,5,11,4,10,1,258,1,'2024-03-20 14:55:42','2024-03-20 14:55:42',1),(141,5,11,5,1,1,258,1,'2024-03-20 14:55:42','2024-03-20 14:55:42',1),(142,5,11,5,2,1,258,1,'2024-03-20 14:55:42','2024-03-20 14:55:42',1),(143,5,11,5,3,1,258,1,'2024-03-20 14:55:42','2024-03-20 14:55:42',1),(144,5,11,5,4,1,258,1,'2024-03-20 14:55:42','2024-03-20 14:55:42',1),(145,5,11,5,5,1,258,1,'2024-03-20 14:55:42','2024-03-20 14:55:42',1),(146,5,11,5,6,1,258,1,'2024-03-20 14:55:42','2024-03-20 14:55:42',1),(147,5,11,5,7,1,258,1,'2024-03-20 14:55:42','2024-03-20 14:55:42',1),(148,5,11,5,8,1,258,1,'2024-03-20 14:55:42','2024-03-20 14:55:42',1),(149,5,11,5,9,1,258,1,'2024-03-20 14:55:42','2024-03-20 14:55:42',1),(150,5,11,5,10,1,258,1,'2024-03-20 14:55:42','2024-03-20 14:55:42',1),(151,7,12,1,1,1,388,1,'2024-03-20 15:38:06','2024-03-20 15:38:06',1),(152,7,12,1,2,1,388,1,'2024-03-20 15:38:06','2024-03-20 15:38:06',1),(153,7,12,1,3,1,388,1,'2024-03-20 15:38:06','2024-03-20 15:38:06',1),(154,7,12,1,4,1,388,1,'2024-03-20 15:38:06','2024-03-20 15:38:06',1),(155,7,12,1,5,1,388,1,'2024-03-20 15:38:06','2024-03-20 15:38:06',1),(156,7,12,1,6,1,388,1,'2024-03-20 15:38:06','2024-03-20 15:38:06',1),(157,7,12,1,7,1,388,1,'2024-03-20 15:38:06','2024-03-20 15:38:06',1),(158,7,12,1,8,1,388,1,'2024-03-20 15:38:06','2024-03-20 15:38:06',1),(159,7,12,1,9,1,388,1,'2024-03-20 15:38:06','2024-03-20 15:38:06',1),(160,7,12,1,10,1,388,1,'2024-03-20 15:38:06','2024-03-20 15:38:06',1),(161,7,12,2,1,1,388,1,'2024-03-20 15:38:06','2024-03-20 15:38:06',1),(162,7,12,2,2,1,388,1,'2024-03-20 15:38:06','2024-03-20 15:38:06',1),(163,7,12,2,3,1,388,1,'2024-03-20 15:38:06','2024-03-20 15:38:06',1),(164,7,12,2,4,1,388,1,'2024-03-20 15:38:06','2024-03-20 15:38:06',1),(165,7,12,2,5,1,388,1,'2024-03-20 15:38:06','2024-03-20 15:38:06',1),(166,7,12,2,6,1,388,1,'2024-03-20 15:38:06','2024-03-20 15:38:06',1),(167,7,12,2,7,1,388,1,'2024-03-20 15:38:06','2024-03-20 15:38:06',1),(168,7,12,2,8,1,388,1,'2024-03-20 15:38:06','2024-03-20 15:38:06',1),(169,7,12,2,9,1,388,1,'2024-03-20 15:38:06','2024-03-20 15:38:06',1),(170,7,12,2,10,1,388,1,'2024-03-20 15:38:06','2024-03-20 15:38:06',1),(171,7,13,3,1,1,288,1,'2024-03-20 15:38:06','2024-03-20 15:38:06',1),(172,7,13,3,2,1,288,1,'2024-03-20 15:38:06','2024-03-20 15:38:06',1),(173,7,13,3,3,1,288,1,'2024-03-20 15:38:06','2024-03-20 15:38:06',1),(174,7,13,3,4,1,288,1,'2024-03-20 15:38:06','2024-03-20 15:38:06',1),(175,7,13,3,5,1,288,1,'2024-03-20 15:38:06','2024-03-20 15:38:06',1),(176,7,13,3,6,1,288,1,'2024-03-20 15:38:06','2024-03-20 15:38:06',1),(177,7,13,3,7,1,288,1,'2024-03-20 15:38:06','2024-03-20 15:38:06',1),(178,7,13,3,8,1,288,1,'2024-03-20 15:38:06','2024-03-20 15:38:06',1),(179,7,13,3,9,1,288,1,'2024-03-20 15:38:06','2024-03-20 15:38:06',1),(180,7,13,3,10,1,288,1,'2024-03-20 15:38:06','2024-03-20 15:38:06',1),(181,7,13,4,1,1,288,1,'2024-03-20 15:38:06','2024-03-20 15:38:06',1),(182,7,13,4,2,1,288,1,'2024-03-20 15:38:06','2024-03-20 15:38:06',1),(183,7,13,4,3,1,288,1,'2024-03-20 15:38:06','2024-03-20 15:38:06',1),(184,7,13,4,4,1,288,1,'2024-03-20 15:38:06','2024-03-20 15:38:06',1),(185,7,13,4,5,1,288,1,'2024-03-20 15:38:06','2024-03-20 15:38:06',1),(186,7,13,4,6,1,288,1,'2024-03-20 15:38:06','2024-03-20 15:38:06',1),(187,7,13,4,7,1,288,1,'2024-03-20 15:38:06','2024-03-20 15:38:06',1),(188,7,13,4,8,1,288,1,'2024-03-20 15:38:06','2024-03-20 15:38:06',1),(189,7,13,4,9,1,288,1,'2024-03-20 15:38:06','2024-03-20 15:38:06',1),(190,7,13,4,10,1,288,1,'2024-03-20 15:38:06','2024-03-20 15:38:06',1),(191,7,13,5,1,1,288,1,'2024-03-20 15:38:06','2024-03-20 15:38:06',1),(192,7,13,5,2,1,288,1,'2024-03-20 15:38:06','2024-03-20 15:38:06',1),(193,7,13,5,3,1,288,1,'2024-03-20 15:38:06','2024-03-20 15:38:06',1),(194,7,13,5,4,1,288,1,'2024-03-20 15:38:06','2024-03-20 15:38:06',1),(195,7,13,5,5,1,288,1,'2024-03-20 15:38:06','2024-03-20 15:38:06',1),(196,7,13,5,6,1,288,1,'2024-03-20 15:38:06','2024-03-20 15:38:06',1),(197,7,13,5,7,1,288,1,'2024-03-20 15:38:06','2024-03-20 15:38:06',1),(198,7,13,5,8,1,288,1,'2024-03-20 15:38:06','2024-03-20 15:38:06',1),(199,7,13,5,9,1,288,1,'2024-03-20 15:38:06','2024-03-20 15:38:06',1),(200,7,13,5,10,1,288,1,'2024-03-20 15:38:06','2024-03-20 15:38:06',1),(201,9,14,1,1,1,458,1,'2024-03-20 15:39:27','2024-03-20 15:39:27',1),(202,9,14,1,2,1,458,1,'2024-03-20 15:39:27','2024-03-20 15:39:27',1),(203,9,14,1,3,1,458,1,'2024-03-20 15:39:27','2024-03-20 15:39:27',1),(204,9,14,1,4,1,458,1,'2024-03-20 15:39:27','2024-03-20 15:39:27',1),(205,9,14,1,5,1,458,1,'2024-03-20 15:39:27','2024-03-20 15:39:27',1),(206,9,14,1,6,1,458,1,'2024-03-20 15:39:27','2024-03-20 15:39:27',1),(207,9,14,1,7,1,458,1,'2024-03-20 15:39:27','2024-03-20 15:39:27',1),(208,9,14,1,8,1,458,1,'2024-03-20 15:39:27','2024-03-20 15:39:27',1),(209,9,14,1,9,1,458,1,'2024-03-20 15:39:27','2024-03-20 15:39:27',1),(210,9,14,1,10,1,458,1,'2024-03-20 15:39:27','2024-03-20 15:39:27',1),(211,9,14,2,1,1,458,1,'2024-03-20 15:39:27','2024-03-20 15:39:27',1),(212,9,14,2,2,1,458,1,'2024-03-20 15:39:27','2024-03-20 15:39:27',1),(213,9,14,2,3,1,458,1,'2024-03-20 15:39:27','2024-03-20 15:39:27',1),(214,9,14,2,4,1,458,1,'2024-03-20 15:39:27','2024-03-20 15:39:27',1),(215,9,14,2,5,1,458,1,'2024-03-20 15:39:27','2024-03-20 15:39:27',1),(216,9,14,2,6,1,458,1,'2024-03-20 15:39:27','2024-03-20 15:39:27',1),(217,9,14,2,7,1,458,1,'2024-03-20 15:39:27','2024-03-20 15:39:27',1),(218,9,14,2,8,1,458,1,'2024-03-20 15:39:27','2024-03-20 15:39:27',1),(219,9,14,2,9,1,458,1,'2024-03-20 15:39:27','2024-03-20 15:39:27',1),(220,9,14,2,10,1,458,1,'2024-03-20 15:39:27','2024-03-20 15:39:27',1),(221,9,15,3,1,1,258,1,'2024-03-20 15:39:27','2024-03-20 15:39:27',1),(222,9,15,3,2,1,258,1,'2024-03-20 15:39:27','2024-03-20 15:39:27',1),(223,9,15,3,3,1,258,1,'2024-03-20 15:39:27','2024-03-20 15:39:27',1),(224,9,15,3,4,1,258,1,'2024-03-20 15:39:27','2024-03-20 15:39:27',1),(225,9,15,3,5,1,258,1,'2024-03-20 15:39:27','2024-03-20 15:39:27',1),(226,9,15,3,6,1,258,1,'2024-03-20 15:39:27','2024-03-20 15:39:27',1),(227,9,15,3,7,1,258,1,'2024-03-20 15:39:27','2024-03-20 15:39:27',1),(228,9,15,3,8,1,258,1,'2024-03-20 15:39:27','2024-03-20 15:39:27',1),(229,9,15,3,9,1,258,1,'2024-03-20 15:39:27','2024-03-20 15:39:27',1),(230,9,15,3,10,1,258,1,'2024-03-20 15:39:27','2024-03-20 15:39:27',1),(231,9,15,4,1,1,258,1,'2024-03-20 15:39:27','2024-03-20 15:39:27',1),(232,9,15,4,2,1,258,1,'2024-03-20 15:39:27','2024-03-20 15:39:27',1),(233,9,15,4,3,1,258,1,'2024-03-20 15:39:27','2024-03-20 15:39:27',1),(234,9,15,4,4,1,258,1,'2024-03-20 15:39:27','2024-03-20 15:39:27',1),(235,9,15,4,5,1,258,1,'2024-03-20 15:39:28','2024-03-20 15:39:28',1),(236,9,15,4,6,1,258,1,'2024-03-20 15:39:28','2024-03-20 15:39:28',1),(237,9,15,4,7,1,258,1,'2024-03-20 15:39:28','2024-03-20 15:39:28',1),(238,9,15,4,8,1,258,1,'2024-03-20 15:39:28','2024-03-20 15:39:28',1),(239,9,15,4,9,1,258,1,'2024-03-20 15:39:28','2024-03-20 15:39:28',1),(240,9,15,4,10,1,258,1,'2024-03-20 15:39:28','2024-03-20 15:39:28',1),(241,9,15,5,1,1,258,1,'2024-03-20 15:39:28','2024-03-20 15:39:28',1),(242,9,15,5,2,1,258,1,'2024-03-20 15:39:28','2024-03-20 15:39:28',1),(243,9,15,5,3,1,258,1,'2024-03-20 15:39:28','2024-03-20 15:39:28',1),(244,9,15,5,4,1,258,1,'2024-03-20 15:39:28','2024-03-20 15:39:28',1),(245,9,15,5,5,1,258,1,'2024-03-20 15:39:28','2024-03-20 15:39:28',1),(246,9,15,5,6,1,258,1,'2024-03-20 15:39:28','2024-03-20 15:39:28',1),(247,9,15,5,7,1,258,1,'2024-03-20 15:39:28','2024-03-20 15:39:28',1),(248,9,15,5,8,1,258,1,'2024-03-20 15:39:28','2024-03-20 15:39:28',1),(249,9,15,5,9,1,258,1,'2024-03-20 15:39:28','2024-03-20 15:39:28',1),(250,9,15,5,10,1,258,1,'2024-03-20 15:39:28','2024-03-20 15:39:28',1),(251,11,16,1,1,1,780,1,'2024-03-20 15:48:40','2024-03-20 15:48:40',1),(252,11,16,1,2,1,780,1,'2024-03-20 15:48:40','2024-03-20 15:48:40',1),(253,11,16,1,3,1,780,1,'2024-03-20 15:48:40','2024-03-20 15:48:40',1),(254,11,16,1,4,1,780,1,'2024-03-20 15:48:40','2024-03-20 15:48:40',1),(255,11,16,1,5,1,780,1,'2024-03-20 15:48:40','2024-03-20 15:48:40',1),(256,11,16,1,6,1,780,1,'2024-03-20 15:48:40','2024-03-20 15:48:40',1),(257,11,16,1,7,1,780,1,'2024-03-20 15:48:40','2024-03-20 15:48:40',1),(258,11,16,1,8,1,780,1,'2024-03-20 15:48:40','2024-03-20 15:48:40',1),(259,11,16,1,9,1,780,1,'2024-03-20 15:48:40','2024-03-20 15:48:40',1),(260,11,16,1,10,1,780,1,'2024-03-20 15:48:40','2024-03-20 15:48:40',1),(261,11,16,2,1,1,780,1,'2024-03-20 15:48:40','2024-03-20 15:48:40',1),(262,11,16,2,2,1,780,1,'2024-03-20 15:48:40','2024-03-20 15:48:40',1),(263,11,16,2,3,1,780,1,'2024-03-20 15:48:40','2024-03-20 15:48:40',1),(264,11,16,2,4,1,780,1,'2024-03-20 15:48:40','2024-03-20 15:48:40',1),(265,11,16,2,5,1,780,1,'2024-03-20 15:48:40','2024-03-20 15:48:40',1),(266,11,16,2,6,1,780,1,'2024-03-20 15:48:40','2024-03-20 15:48:40',1),(267,11,16,2,7,1,780,1,'2024-03-20 15:48:40','2024-03-20 15:48:40',1),(268,11,16,2,8,1,780,1,'2024-03-20 15:48:40','2024-03-20 15:48:40',1),(269,11,16,2,9,1,780,1,'2024-03-20 15:48:40','2024-03-20 15:48:40',1),(270,11,16,2,10,1,780,1,'2024-03-20 15:48:40','2024-03-20 15:48:40',1),(271,11,17,3,1,1,580,1,'2024-03-20 15:48:40','2024-03-20 15:48:40',1),(272,11,17,3,2,1,580,1,'2024-03-20 15:48:40','2024-03-20 15:48:40',1),(273,11,17,3,3,1,580,1,'2024-03-20 15:48:40','2024-03-20 15:48:40',1),(274,11,17,3,4,1,580,1,'2024-03-20 15:48:40','2024-03-20 15:48:40',1),(275,11,17,3,5,1,580,1,'2024-03-20 15:48:40','2024-03-20 15:48:40',1),(276,11,17,3,6,1,580,1,'2024-03-20 15:48:40','2024-03-20 15:48:40',1),(277,11,17,3,7,1,580,1,'2024-03-20 15:48:40','2024-03-20 15:48:40',1),(278,11,17,3,8,1,580,1,'2024-03-20 15:48:40','2024-03-20 15:48:40',1),(279,11,17,3,9,1,580,1,'2024-03-20 15:48:40','2024-03-20 15:48:40',1),(280,11,17,3,10,1,580,1,'2024-03-20 15:48:40','2024-03-20 15:48:40',1),(281,11,17,4,1,1,580,1,'2024-03-20 15:48:40','2024-03-20 15:48:40',1),(282,11,17,4,2,1,580,1,'2024-03-20 15:48:40','2024-03-20 15:48:40',1),(283,11,17,4,3,1,580,1,'2024-03-20 15:48:40','2024-03-20 15:48:40',1),(284,11,17,4,4,1,580,1,'2024-03-20 15:48:40','2024-03-20 15:48:40',1),(285,11,17,4,5,1,580,1,'2024-03-20 15:48:40','2024-03-20 15:48:40',1),(286,11,17,4,6,1,580,1,'2024-03-20 15:48:40','2024-03-20 15:48:40',1),(287,11,17,4,7,1,580,1,'2024-03-20 15:48:40','2024-03-20 15:48:40',1),(288,11,17,4,8,1,580,1,'2024-03-20 15:48:40','2024-03-20 15:48:40',1),(289,11,17,4,9,1,580,1,'2024-03-20 15:48:40','2024-03-20 15:48:40',1),(290,11,17,4,10,1,580,1,'2024-03-20 15:48:40','2024-03-20 15:48:40',1),(291,11,17,5,1,1,580,1,'2024-03-20 15:48:40','2024-03-20 15:48:40',1),(292,11,17,5,2,1,580,1,'2024-03-20 15:48:40','2024-03-20 15:48:40',1),(293,11,17,5,3,1,580,1,'2024-03-20 15:48:40','2024-03-20 15:48:40',1),(294,11,17,5,4,1,580,1,'2024-03-20 15:48:40','2024-03-20 15:48:40',1),(295,11,17,5,5,1,580,1,'2024-03-20 15:48:40','2024-03-20 15:48:40',1),(296,11,17,5,6,1,580,1,'2024-03-20 15:48:40','2024-03-20 15:48:40',1),(297,11,17,5,7,1,580,1,'2024-03-20 15:48:40','2024-03-20 15:48:40',1),(298,11,17,5,8,1,580,1,'2024-03-20 15:48:40','2024-03-20 15:48:40',1),(299,11,17,5,9,1,580,1,'2024-03-20 15:48:40','2024-03-20 15:48:40',1),(300,11,17,5,10,1,580,1,'2024-03-20 15:48:40','2024-03-20 15:48:40',1),(301,13,18,1,1,1,325,1,'2024-03-20 15:49:41','2024-03-20 15:49:41',1),(302,13,18,1,2,1,325,1,'2024-03-20 15:49:41','2024-03-20 15:49:41',1),(303,13,18,1,3,1,325,1,'2024-03-20 15:49:41','2024-03-20 15:49:41',1),(304,13,18,1,4,1,325,1,'2024-03-20 15:49:41','2024-03-20 15:49:41',1),(305,13,18,1,5,1,325,1,'2024-03-20 15:49:41','2024-03-20 15:49:41',1),(306,13,18,1,6,1,325,1,'2024-03-20 15:49:41','2024-03-20 15:49:41',1),(307,13,18,1,7,1,325,1,'2024-03-20 15:49:41','2024-03-20 15:49:41',1),(308,13,18,1,8,1,325,1,'2024-03-20 15:49:41','2024-03-20 15:49:41',1),(309,13,18,1,9,1,325,1,'2024-03-20 15:49:41','2024-03-20 15:49:41',1),(310,13,18,1,10,1,325,1,'2024-03-20 15:49:41','2024-03-20 15:49:41',1),(311,13,18,2,1,1,325,1,'2024-03-20 15:49:41','2024-03-20 15:49:41',1),(312,13,18,2,2,1,325,1,'2024-03-20 15:49:41','2024-03-20 15:49:41',1),(313,13,18,2,3,1,325,1,'2024-03-20 15:49:41','2024-03-20 15:49:41',1),(314,13,18,2,4,1,325,1,'2024-03-20 15:49:41','2024-03-20 15:49:41',1),(315,13,18,2,5,1,325,1,'2024-03-20 15:49:41','2024-03-20 15:49:41',1),(316,13,18,2,6,1,325,1,'2024-03-20 15:49:41','2024-03-20 15:49:41',1),(317,13,18,2,7,1,325,1,'2024-03-20 15:49:41','2024-03-20 15:49:41',1),(318,13,18,2,8,1,325,1,'2024-03-20 15:49:41','2024-03-20 15:49:41',1),(319,13,18,2,9,1,325,1,'2024-03-20 15:49:41','2024-03-20 15:49:41',1),(320,13,18,2,10,1,325,1,'2024-03-20 15:49:41','2024-03-20 15:49:41',1),(321,13,19,3,1,1,225,1,'2024-03-20 15:49:41','2024-03-20 15:49:41',1),(322,13,19,3,2,1,225,1,'2024-03-20 15:49:41','2024-03-20 15:49:41',1),(323,13,19,3,3,1,225,1,'2024-03-20 15:49:41','2024-03-20 15:49:41',1),(324,13,19,3,4,1,225,1,'2024-03-20 15:49:42','2024-03-20 15:49:42',1),(325,13,19,3,5,1,225,1,'2024-03-20 15:49:42','2024-03-20 15:49:42',1),(326,13,19,3,6,1,225,1,'2024-03-20 15:49:42','2024-03-20 15:49:42',1),(327,13,19,3,7,1,225,1,'2024-03-20 15:49:42','2024-03-20 15:49:42',1),(328,13,19,3,8,1,225,1,'2024-03-20 15:49:42','2024-03-20 15:49:42',1),(329,13,19,3,9,1,225,1,'2024-03-20 15:49:42','2024-03-20 15:49:42',1),(330,13,19,3,10,1,225,1,'2024-03-20 15:49:42','2024-03-20 15:49:42',1),(331,13,19,4,1,1,225,1,'2024-03-20 15:49:42','2024-03-20 15:49:42',1),(332,13,19,4,2,1,225,1,'2024-03-20 15:49:42','2024-03-20 15:49:42',1),(333,13,19,4,3,1,225,1,'2024-03-20 15:49:42','2024-03-20 15:49:42',1),(334,13,19,4,4,1,225,1,'2024-03-20 15:49:42','2024-03-20 15:49:42',1),(335,13,19,4,5,1,225,1,'2024-03-20 15:49:42','2024-03-20 15:49:42',1),(336,13,19,4,6,1,225,1,'2024-03-20 15:49:42','2024-03-20 15:49:42',1),(337,13,19,4,7,1,225,1,'2024-03-20 15:49:42','2024-03-20 15:49:42',1),(338,13,19,4,8,1,225,1,'2024-03-20 15:49:42','2024-03-20 15:49:42',1),(339,13,19,4,9,1,225,1,'2024-03-20 15:49:42','2024-03-20 15:49:42',1),(340,13,19,4,10,1,225,1,'2024-03-20 15:49:42','2024-03-20 15:49:42',1),(341,13,19,5,1,1,225,1,'2024-03-20 15:49:42','2024-03-20 15:49:42',1),(342,13,19,5,2,1,225,1,'2024-03-20 15:49:42','2024-03-20 15:49:42',1),(343,13,19,5,3,1,225,1,'2024-03-20 15:49:42','2024-03-20 15:49:42',1),(344,13,19,5,4,1,225,1,'2024-03-20 15:49:42','2024-03-20 15:49:42',1),(345,13,19,5,5,1,225,1,'2024-03-20 15:49:42','2024-03-20 15:49:42',1),(346,13,19,5,6,1,225,1,'2024-03-20 15:49:42','2024-03-20 15:49:42',1),(347,13,19,5,7,1,225,1,'2024-03-20 15:49:42','2024-03-20 15:49:42',1),(348,13,19,5,8,1,225,1,'2024-03-20 15:49:42','2024-03-20 15:49:42',1),(349,13,19,5,9,1,225,1,'2024-03-20 15:49:42','2024-03-20 15:49:42',1),(350,13,19,5,10,1,225,1,'2024-03-20 15:49:42','2024-03-20 15:49:42',1),(351,15,20,1,1,1,415,1,'2024-03-20 15:50:18','2024-03-20 15:50:18',1),(352,15,20,1,2,1,415,1,'2024-03-20 15:50:18','2024-03-20 15:50:18',1),(353,15,20,1,3,1,415,1,'2024-03-20 15:50:18','2024-03-20 15:50:18',1),(354,15,20,1,4,1,415,1,'2024-03-20 15:50:18','2024-03-20 15:50:18',1),(355,15,20,1,5,1,415,1,'2024-03-20 15:50:18','2024-03-20 15:50:18',1),(356,15,20,1,6,1,415,1,'2024-03-20 15:50:18','2024-03-20 15:50:18',1),(357,15,20,1,7,1,415,1,'2024-03-20 15:50:18','2024-03-20 15:50:18',1),(358,15,20,1,8,1,415,1,'2024-03-20 15:50:18','2024-03-20 15:50:18',1),(359,15,20,1,9,1,415,1,'2024-03-20 15:50:18','2024-03-20 15:50:18',1),(360,15,20,1,10,1,415,1,'2024-03-20 15:50:18','2024-03-20 15:50:18',1),(361,15,20,2,1,1,415,1,'2024-03-20 15:50:18','2024-03-20 15:50:18',1),(362,15,20,2,2,1,415,1,'2024-03-20 15:50:18','2024-03-20 15:50:18',1),(363,15,20,2,3,1,415,1,'2024-03-20 15:50:18','2024-03-20 15:50:18',1),(364,15,20,2,4,1,415,1,'2024-03-20 15:50:18','2024-03-20 15:50:18',1),(365,15,20,2,5,1,415,1,'2024-03-20 15:50:18','2024-03-20 15:50:18',1),(366,15,20,2,6,1,415,1,'2024-03-20 15:50:18','2024-03-20 15:50:18',1),(367,15,20,2,7,1,415,1,'2024-03-20 15:50:18','2024-03-20 15:50:18',1),(368,15,20,2,8,1,415,1,'2024-03-20 15:50:18','2024-03-20 15:50:18',1),(369,15,20,2,9,1,415,1,'2024-03-20 15:50:18','2024-03-20 15:50:18',1),(370,15,20,2,10,1,415,1,'2024-03-20 15:50:18','2024-03-20 15:50:18',1),(371,15,21,3,1,1,375,1,'2024-03-20 15:50:18','2024-03-20 15:50:18',1),(372,15,21,3,2,1,375,1,'2024-03-20 15:50:18','2024-03-20 15:50:18',1),(373,15,21,3,3,1,375,1,'2024-03-20 15:50:18','2024-03-20 15:50:18',1),(374,15,21,3,4,1,375,1,'2024-03-20 15:50:18','2024-03-20 15:50:18',1),(375,15,21,3,5,1,375,1,'2024-03-20 15:50:18','2024-03-20 15:50:18',1),(376,15,21,3,6,1,375,1,'2024-03-20 15:50:18','2024-03-20 15:50:18',1),(377,15,21,3,7,1,375,1,'2024-03-20 15:50:18','2024-03-20 15:50:18',1),(378,15,21,3,8,1,375,1,'2024-03-20 15:50:18','2024-03-20 15:50:18',1),(379,15,21,3,9,1,375,1,'2024-03-20 15:50:18','2024-03-20 15:50:18',1),(380,15,21,3,10,1,375,1,'2024-03-20 15:50:18','2024-03-20 15:50:18',1),(381,15,21,4,1,1,375,1,'2024-03-20 15:50:18','2024-03-20 15:50:18',1),(382,15,21,4,2,1,375,1,'2024-03-20 15:50:18','2024-03-20 15:50:18',1),(383,15,21,4,3,1,375,1,'2024-03-20 15:50:18','2024-03-20 15:50:18',1),(384,15,21,4,4,1,375,1,'2024-03-20 15:50:18','2024-03-20 15:50:18',1),(385,15,21,4,5,1,375,1,'2024-03-20 15:50:18','2024-03-20 15:50:18',1),(386,15,21,4,6,1,375,1,'2024-03-20 15:50:18','2024-03-20 15:50:18',1),(387,15,21,4,7,1,375,1,'2024-03-20 15:50:18','2024-03-20 15:50:18',1),(388,15,21,4,8,1,375,1,'2024-03-20 15:50:18','2024-03-20 15:50:18',1),(389,15,21,4,9,1,375,1,'2024-03-20 15:50:18','2024-03-20 15:50:18',1),(390,15,21,4,10,1,375,1,'2024-03-20 15:50:18','2024-03-20 15:50:18',1),(391,15,21,5,1,1,375,1,'2024-03-20 15:50:18','2024-03-20 15:50:18',1),(392,15,21,5,2,1,375,1,'2024-03-20 15:50:18','2024-03-20 15:50:18',1),(393,15,21,5,3,1,375,1,'2024-03-20 15:50:18','2024-03-20 15:50:18',1),(394,15,21,5,4,1,375,1,'2024-03-20 15:50:18','2024-03-20 15:50:18',1),(395,15,21,5,5,1,375,1,'2024-03-20 15:50:18','2024-03-20 15:50:18',1),(396,15,21,5,6,1,375,1,'2024-03-20 15:50:18','2024-03-20 15:50:18',1),(397,15,21,5,7,1,375,1,'2024-03-20 15:50:18','2024-03-20 15:50:18',1),(398,15,21,5,8,1,375,1,'2024-03-20 15:50:18','2024-03-20 15:50:18',1),(399,15,21,5,9,1,375,1,'2024-03-20 15:50:18','2024-03-20 15:50:18',1),(400,15,21,5,10,1,375,1,'2024-03-20 15:50:18','2024-03-20 15:50:18',1),(401,17,22,1,1,1,358,1,'2024-03-20 15:50:44','2024-03-20 15:50:44',1),(402,17,22,1,2,1,358,1,'2024-03-20 15:50:44','2024-03-20 15:50:44',1),(403,17,22,1,3,1,358,1,'2024-03-20 15:50:44','2024-03-20 15:50:44',1),(404,17,22,1,4,1,358,1,'2024-03-20 15:50:44','2024-03-20 15:50:44',1),(405,17,22,1,5,1,358,1,'2024-03-20 15:50:44','2024-03-20 15:50:44',1),(406,17,22,1,6,1,358,1,'2024-03-20 15:50:44','2024-03-20 15:50:44',1),(407,17,22,1,7,1,358,1,'2024-03-20 15:50:44','2024-03-20 15:50:44',1),(408,17,22,1,8,1,358,1,'2024-03-20 15:50:44','2024-03-20 15:50:44',1),(409,17,22,1,9,1,358,1,'2024-03-20 15:50:44','2024-03-20 15:50:44',1),(410,17,22,1,10,1,358,1,'2024-03-20 15:50:44','2024-03-20 15:50:44',1),(411,17,22,2,1,1,358,1,'2024-03-20 15:50:44','2024-03-20 15:50:44',1),(412,17,22,2,2,1,358,1,'2024-03-20 15:50:44','2024-03-20 15:50:44',1),(413,17,22,2,3,1,358,1,'2024-03-20 15:50:44','2024-03-20 15:50:44',1),(414,17,22,2,4,1,358,1,'2024-03-20 15:50:44','2024-03-20 15:50:44',1),(415,17,22,2,5,1,358,1,'2024-03-20 15:50:44','2024-03-20 15:50:44',1),(416,17,22,2,6,1,358,1,'2024-03-20 15:50:44','2024-03-20 15:50:44',1),(417,17,22,2,7,1,358,1,'2024-03-20 15:50:44','2024-03-20 15:50:44',1),(418,17,22,2,8,1,358,1,'2024-03-20 15:50:44','2024-03-20 15:50:44',1),(419,17,22,2,9,1,358,1,'2024-03-20 15:50:44','2024-03-20 15:50:44',1),(420,17,22,2,10,1,358,1,'2024-03-20 15:50:44','2024-03-20 15:50:44',1),(421,17,23,3,1,1,158,1,'2024-03-20 15:50:44','2024-03-20 15:50:44',1),(422,17,23,3,2,1,158,1,'2024-03-20 15:50:44','2024-03-20 15:50:44',1),(423,17,23,3,3,1,158,1,'2024-03-20 15:50:44','2024-03-20 15:50:44',1),(424,17,23,3,4,1,158,1,'2024-03-20 15:50:44','2024-03-20 15:50:44',1),(425,17,23,3,5,1,158,1,'2024-03-20 15:50:44','2024-03-20 15:50:44',1),(426,17,23,3,6,1,158,1,'2024-03-20 15:50:44','2024-03-20 15:50:44',1),(427,17,23,3,7,1,158,1,'2024-03-20 15:50:44','2024-03-20 15:50:44',1),(428,17,23,3,8,1,158,1,'2024-03-20 15:50:44','2024-03-20 15:50:44',1),(429,17,23,3,9,1,158,1,'2024-03-20 15:50:44','2024-03-20 15:50:44',1),(430,17,23,3,10,1,158,1,'2024-03-20 15:50:44','2024-03-20 15:50:44',1),(431,17,23,4,1,1,158,1,'2024-03-20 15:50:44','2024-03-20 15:50:44',1),(432,17,23,4,2,1,158,1,'2024-03-20 15:50:44','2024-03-20 15:50:44',1),(433,17,23,4,3,1,158,1,'2024-03-20 15:50:44','2024-03-20 15:50:44',1),(434,17,23,4,4,1,158,1,'2024-03-20 15:50:44','2024-03-20 15:50:44',1),(435,17,23,4,5,1,158,1,'2024-03-20 15:50:44','2024-03-20 15:50:44',1),(436,17,23,4,6,1,158,1,'2024-03-20 15:50:44','2024-03-20 15:50:44',1),(437,17,23,4,7,1,158,1,'2024-03-20 15:50:44','2024-03-20 15:50:44',1),(438,17,23,4,8,1,158,1,'2024-03-20 15:50:44','2024-03-20 15:50:44',1),(439,17,23,4,9,1,158,1,'2024-03-20 15:50:44','2024-03-20 15:50:44',1),(440,17,23,4,10,1,158,1,'2024-03-20 15:50:44','2024-03-20 15:50:44',1),(441,17,23,5,1,1,158,1,'2024-03-20 15:50:44','2024-03-20 15:50:44',1),(442,17,23,5,2,1,158,1,'2024-03-20 15:50:44','2024-03-20 15:50:44',1),(443,17,23,5,3,1,158,1,'2024-03-20 15:50:44','2024-03-20 15:50:44',1),(444,17,23,5,4,1,158,1,'2024-03-20 15:50:44','2024-03-20 15:50:44',1),(445,17,23,5,5,1,158,1,'2024-03-20 15:50:44','2024-03-20 15:50:44',1),(446,17,23,5,6,1,158,1,'2024-03-20 15:50:44','2024-03-20 15:50:44',1),(447,17,23,5,7,1,158,1,'2024-03-20 15:50:44','2024-03-20 15:50:44',1),(448,17,23,5,8,1,158,1,'2024-03-20 15:50:44','2024-03-20 15:50:44',1),(449,17,23,5,9,1,158,1,'2024-03-20 15:50:44','2024-03-20 15:50:44',1),(450,17,23,5,10,1,158,1,'2024-03-20 15:50:44','2024-03-20 15:50:44',1),(451,19,24,1,1,1,358,1,'2024-03-20 16:32:12','2024-03-20 16:32:12',1),(452,19,24,1,2,1,358,1,'2024-03-20 16:32:12','2024-03-20 16:32:12',1),(453,19,24,1,3,1,358,1,'2024-03-20 16:32:12','2024-03-20 16:32:12',1),(454,19,24,1,4,1,358,1,'2024-03-20 16:32:12','2024-03-20 16:32:12',1),(455,19,24,1,5,1,358,1,'2024-03-20 16:32:12','2024-03-20 16:32:12',1),(456,19,24,1,6,1,358,1,'2024-03-20 16:32:12','2024-03-20 16:32:12',1),(457,19,24,1,7,1,358,1,'2024-03-20 16:32:12','2024-03-20 16:32:12',1),(458,19,24,1,8,1,358,1,'2024-03-20 16:32:12','2024-03-20 16:32:12',1),(459,19,24,1,9,1,358,1,'2024-03-20 16:32:12','2024-03-20 16:32:12',1),(460,19,24,1,10,1,358,1,'2024-03-20 16:32:12','2024-03-20 16:32:12',1),(461,19,24,2,1,1,358,1,'2024-03-20 16:32:12','2024-03-20 16:32:12',1),(462,19,24,2,2,1,358,1,'2024-03-20 16:32:12','2024-03-20 16:32:12',1),(463,19,24,2,3,1,358,1,'2024-03-20 16:32:12','2024-03-20 16:32:12',1),(464,19,24,2,4,1,358,1,'2024-03-20 16:32:12','2024-03-20 16:32:12',1),(465,19,24,2,5,1,358,1,'2024-03-20 16:32:12','2024-03-20 16:32:12',1),(466,19,24,2,6,1,358,1,'2024-03-20 16:32:12','2024-03-20 16:32:12',1),(467,19,24,2,7,1,358,1,'2024-03-20 16:32:12','2024-03-20 16:32:12',1),(468,19,24,2,8,1,358,1,'2024-03-20 16:32:12','2024-03-20 16:32:12',1),(469,19,24,2,9,1,358,1,'2024-03-20 16:32:12','2024-03-20 16:32:12',1),(470,19,24,2,10,1,358,1,'2024-03-20 16:32:12','2024-03-20 16:32:12',1),(471,19,24,3,1,1,358,1,'2024-03-20 16:32:12','2024-03-20 16:32:12',1),(472,19,24,3,2,1,358,1,'2024-03-20 16:32:12','2024-03-20 16:32:12',1),(473,19,24,3,3,1,358,1,'2024-03-20 16:32:12','2024-03-20 16:32:12',1),(474,19,24,3,4,1,358,1,'2024-03-20 16:32:12','2024-03-20 16:32:12',1),(475,19,24,3,5,1,358,1,'2024-03-20 16:32:12','2024-03-20 16:32:12',1),(476,19,24,3,6,1,358,1,'2024-03-20 16:32:12','2024-03-20 16:32:12',1),(477,19,24,3,7,1,358,1,'2024-03-20 16:32:12','2024-03-20 16:32:12',1),(478,19,24,3,8,1,358,1,'2024-03-20 16:32:12','2024-03-20 16:32:12',1),(479,19,24,3,9,1,358,1,'2024-03-20 16:32:12','2024-03-20 16:32:12',1),(480,19,24,3,10,1,358,1,'2024-03-20 16:32:12','2024-03-20 16:32:12',1),(481,19,24,4,1,1,358,1,'2024-03-20 16:32:12','2024-03-20 16:32:12',1),(482,19,24,4,2,1,358,1,'2024-03-20 16:32:12','2024-03-20 16:32:12',1),(483,19,24,4,3,1,358,1,'2024-03-20 16:32:12','2024-03-20 16:32:12',1),(484,19,24,4,4,1,358,1,'2024-03-20 16:32:12','2024-03-20 16:32:12',1),(485,19,24,4,5,1,358,1,'2024-03-20 16:32:12','2024-03-20 16:32:12',1),(486,19,24,4,6,1,358,1,'2024-03-20 16:32:12','2024-03-20 16:32:12',1),(487,19,24,4,7,1,358,1,'2024-03-20 16:32:12','2024-03-20 16:32:12',1),(488,19,24,4,8,1,358,1,'2024-03-20 16:32:12','2024-03-20 16:32:12',1),(489,19,24,4,9,1,358,1,'2024-03-20 16:32:12','2024-03-20 16:32:12',1),(490,19,24,4,10,1,358,1,'2024-03-20 16:32:12','2024-03-20 16:32:12',1),(491,19,24,5,1,1,358,1,'2024-03-20 16:32:12','2024-03-20 16:32:12',1),(492,19,24,5,2,1,358,1,'2024-03-20 16:32:12','2024-03-20 16:32:12',1),(493,19,24,5,3,1,358,1,'2024-03-20 16:32:12','2024-03-20 16:32:12',1),(494,19,24,5,4,1,358,1,'2024-03-20 16:32:12','2024-03-20 16:32:12',1),(495,19,24,5,5,1,358,1,'2024-03-20 16:32:12','2024-03-20 16:32:12',1),(496,19,24,5,6,1,358,1,'2024-03-20 16:32:12','2024-03-20 16:32:12',1),(497,19,24,5,7,1,358,1,'2024-03-20 16:32:12','2024-03-20 16:32:12',1),(498,19,24,5,8,1,358,1,'2024-03-20 16:32:12','2024-03-20 16:32:12',1),(499,19,24,5,9,1,358,1,'2024-03-20 16:32:12','2024-03-20 16:32:12',1),(500,19,24,5,10,1,358,1,'2024-03-20 16:32:12','2024-03-20 16:32:12',1),(501,21,25,1,1,1,300,1,'2024-03-20 16:32:42','2024-03-20 16:32:42',1),(502,21,25,1,2,1,300,1,'2024-03-20 16:32:42','2024-03-20 16:32:42',1),(503,21,25,1,3,1,300,1,'2024-03-20 16:32:42','2024-03-20 16:32:42',1),(504,21,25,1,4,1,300,1,'2024-03-20 16:32:42','2024-03-20 16:32:42',1),(505,21,25,1,5,1,300,1,'2024-03-20 16:32:42','2024-03-20 16:32:42',1),(506,21,25,1,6,1,300,1,'2024-03-20 16:32:42','2024-03-20 16:32:42',1),(507,21,25,1,7,1,300,1,'2024-03-20 16:32:42','2024-03-20 16:32:42',1),(508,21,25,1,8,1,300,1,'2024-03-20 16:32:42','2024-03-20 16:32:42',1),(509,21,25,1,9,1,300,1,'2024-03-20 16:32:42','2024-03-20 16:32:42',1),(510,21,25,1,10,1,300,1,'2024-03-20 16:32:42','2024-03-20 16:32:42',1),(511,21,25,2,1,1,300,1,'2024-03-20 16:32:42','2024-03-20 16:32:42',1),(512,21,25,2,2,1,300,1,'2024-03-20 16:32:42','2024-03-20 16:32:42',1),(513,21,25,2,3,1,300,1,'2024-03-20 16:32:42','2024-03-20 16:32:42',1),(514,21,25,2,4,1,300,1,'2024-03-20 16:32:42','2024-03-20 16:32:42',1),(515,21,25,2,5,1,300,1,'2024-03-20 16:32:42','2024-03-20 16:32:42',1),(516,21,25,2,6,1,300,1,'2024-03-20 16:32:42','2024-03-20 16:32:42',1),(517,21,25,2,7,1,300,1,'2024-03-20 16:32:42','2024-03-20 16:32:42',1),(518,21,25,2,8,1,300,1,'2024-03-20 16:32:42','2024-03-20 16:32:42',1),(519,21,25,2,9,1,300,1,'2024-03-20 16:32:42','2024-03-20 16:32:42',1),(520,21,25,2,10,1,300,1,'2024-03-20 16:32:42','2024-03-20 16:32:42',1),(521,21,25,3,1,1,300,1,'2024-03-20 16:32:42','2024-03-20 16:32:42',1),(522,21,25,3,2,1,300,1,'2024-03-20 16:32:42','2024-03-20 16:32:42',1),(523,21,25,3,3,1,300,1,'2024-03-20 16:32:42','2024-03-20 16:32:42',1),(524,21,25,3,4,1,300,1,'2024-03-20 16:32:42','2024-03-20 16:32:42',1),(525,21,25,3,5,1,300,1,'2024-03-20 16:32:42','2024-03-20 16:32:42',1),(526,21,25,3,6,1,300,1,'2024-03-20 16:32:42','2024-03-20 16:32:42',1),(527,21,25,3,7,1,300,1,'2024-03-20 16:32:42','2024-03-20 16:32:42',1),(528,21,25,3,8,1,300,1,'2024-03-20 16:32:42','2024-03-20 16:32:42',1),(529,21,25,3,9,1,300,1,'2024-03-20 16:32:42','2024-03-20 16:32:42',1),(530,21,25,3,10,1,300,1,'2024-03-20 16:32:42','2024-03-20 16:32:42',1),(531,21,25,4,1,1,300,1,'2024-03-20 16:32:42','2024-03-20 16:32:42',1),(532,21,25,4,2,1,300,1,'2024-03-20 16:32:42','2024-03-20 16:32:42',1),(533,21,25,4,3,1,300,1,'2024-03-20 16:32:42','2024-03-20 16:32:42',1),(534,21,25,4,4,1,300,1,'2024-03-20 16:32:42','2024-03-20 16:32:42',1),(535,21,25,4,5,1,300,1,'2024-03-20 16:32:42','2024-03-20 16:32:42',1),(536,21,25,4,6,1,300,1,'2024-03-20 16:32:42','2024-03-20 16:32:42',1),(537,21,25,4,7,1,300,1,'2024-03-20 16:32:42','2024-03-20 16:32:42',1),(538,21,25,4,8,1,300,1,'2024-03-20 16:32:42','2024-03-20 16:32:42',1),(539,21,25,4,9,1,300,1,'2024-03-20 16:32:42','2024-03-20 16:32:42',1),(540,21,25,4,10,1,300,1,'2024-03-20 16:32:42','2024-03-20 16:32:42',1),(541,21,25,5,1,1,300,1,'2024-03-20 16:32:42','2024-03-20 16:32:42',1),(542,21,25,5,2,1,300,1,'2024-03-20 16:32:42','2024-03-20 16:32:42',1),(543,21,25,5,3,1,300,1,'2024-03-20 16:32:42','2024-03-20 16:32:42',1),(544,21,25,5,4,1,300,1,'2024-03-20 16:32:42','2024-03-20 16:32:42',1),(545,21,25,5,5,1,300,1,'2024-03-20 16:32:42','2024-03-20 16:32:42',1),(546,21,25,5,6,1,300,1,'2024-03-20 16:32:42','2024-03-20 16:32:42',1),(547,21,25,5,7,1,300,1,'2024-03-20 16:32:42','2024-03-20 16:32:42',1),(548,21,25,5,8,1,300,1,'2024-03-20 16:32:42','2024-03-20 16:32:42',1),(549,21,25,5,9,1,300,1,'2024-03-20 16:32:42','2024-03-20 16:32:42',1),(550,21,25,5,10,1,300,1,'2024-03-20 16:32:42','2024-03-20 16:32:42',1),(551,23,26,1,1,1,410,1,'2024-03-20 16:32:58','2024-03-20 16:32:58',1),(552,23,26,1,2,1,410,1,'2024-03-20 16:32:58','2024-03-20 16:32:58',1),(553,23,26,1,3,1,410,1,'2024-03-20 16:32:58','2024-03-20 16:32:58',1),(554,23,26,1,4,1,410,1,'2024-03-20 16:32:58','2024-03-20 16:32:58',1),(555,23,26,1,5,1,410,1,'2024-03-20 16:32:58','2024-03-20 16:32:58',1),(556,23,26,1,6,1,410,1,'2024-03-20 16:32:58','2024-03-20 16:32:58',1),(557,23,26,1,7,1,410,1,'2024-03-20 16:32:58','2024-03-20 16:32:58',1),(558,23,26,1,8,1,410,1,'2024-03-20 16:32:58','2024-03-20 16:32:58',1),(559,23,26,1,9,1,410,1,'2024-03-20 16:32:58','2024-03-20 16:32:58',1),(560,23,26,1,10,1,410,1,'2024-03-20 16:32:58','2024-03-20 16:32:58',1),(561,23,26,2,1,1,410,1,'2024-03-20 16:32:58','2024-03-20 16:32:58',1),(562,23,26,2,2,1,410,1,'2024-03-20 16:32:58','2024-03-20 16:32:58',1),(563,23,26,2,3,1,410,1,'2024-03-20 16:32:58','2024-03-20 16:32:58',1),(564,23,26,2,4,1,410,1,'2024-03-20 16:32:58','2024-03-20 16:32:58',1),(565,23,26,2,5,1,410,1,'2024-03-20 16:32:58','2024-03-20 16:32:58',1),(566,23,26,2,6,1,410,1,'2024-03-20 16:32:58','2024-03-20 16:32:58',1),(567,23,26,2,7,1,410,1,'2024-03-20 16:32:58','2024-03-20 16:32:58',1),(568,23,26,2,8,1,410,1,'2024-03-20 16:32:58','2024-03-20 16:32:58',1),(569,23,26,2,9,1,410,1,'2024-03-20 16:32:58','2024-03-20 16:32:58',1),(570,23,26,2,10,1,410,1,'2024-03-20 16:32:58','2024-03-20 16:32:58',1),(571,23,26,3,1,1,410,1,'2024-03-20 16:32:58','2024-03-20 16:32:58',1),(572,23,26,3,2,1,410,1,'2024-03-20 16:32:58','2024-03-20 16:32:58',1),(573,23,26,3,3,1,410,1,'2024-03-20 16:32:58','2024-03-20 16:32:58',1),(574,23,26,3,4,1,410,1,'2024-03-20 16:32:58','2024-03-20 16:32:58',1),(575,23,26,3,5,1,410,1,'2024-03-20 16:32:58','2024-03-20 16:32:58',1),(576,23,26,3,6,1,410,1,'2024-03-20 16:32:58','2024-03-20 16:32:58',1),(577,23,26,3,7,1,410,1,'2024-03-20 16:32:58','2024-03-20 16:32:58',1),(578,23,26,3,8,1,410,1,'2024-03-20 16:32:58','2024-03-20 16:32:58',1),(579,23,26,3,9,1,410,1,'2024-03-20 16:32:58','2024-03-20 16:32:58',1),(580,23,26,3,10,1,410,1,'2024-03-20 16:32:58','2024-03-20 16:32:58',1),(581,23,26,4,1,1,410,1,'2024-03-20 16:32:58','2024-03-20 16:32:58',1),(582,23,26,4,2,1,410,1,'2024-03-20 16:32:58','2024-03-20 16:32:58',1),(583,23,26,4,3,1,410,1,'2024-03-20 16:32:58','2024-03-20 16:32:58',1),(584,23,26,4,4,1,410,1,'2024-03-20 16:32:58','2024-03-20 16:32:58',1),(585,23,26,4,5,1,410,1,'2024-03-20 16:32:58','2024-03-20 16:32:58',1),(586,23,26,4,6,1,410,1,'2024-03-20 16:32:58','2024-03-20 16:32:58',1),(587,23,26,4,7,1,410,1,'2024-03-20 16:32:58','2024-03-20 16:32:58',1),(588,23,26,4,8,1,410,1,'2024-03-20 16:32:58','2024-03-20 16:32:58',1),(589,23,26,4,9,1,410,1,'2024-03-20 16:32:58','2024-03-20 16:32:58',1),(590,23,26,4,10,1,410,1,'2024-03-20 16:32:58','2024-03-20 16:32:58',1),(591,23,26,5,1,1,410,1,'2024-03-20 16:32:58','2024-03-20 16:32:58',1),(592,23,26,5,2,1,410,1,'2024-03-20 16:32:58','2024-03-20 16:32:58',1),(593,23,26,5,3,1,410,1,'2024-03-20 16:32:58','2024-03-20 16:32:58',1),(594,23,26,5,4,1,410,1,'2024-03-20 16:32:58','2024-03-20 16:32:58',1),(595,23,26,5,5,1,410,1,'2024-03-20 16:32:58','2024-03-20 16:32:58',1),(596,23,26,5,6,1,410,1,'2024-03-20 16:32:58','2024-03-20 16:32:58',1),(597,23,26,5,7,1,410,1,'2024-03-20 16:32:58','2024-03-20 16:32:58',1),(598,23,26,5,8,1,410,1,'2024-03-20 16:32:58','2024-03-20 16:32:58',1),(599,23,26,5,9,1,410,1,'2024-03-20 16:32:58','2024-03-20 16:32:58',1),(600,23,26,5,10,1,410,1,'2024-03-20 16:32:58','2024-03-20 16:32:58',1),(601,25,27,1,1,1,430,1,'2024-03-20 16:33:17','2024-03-20 16:33:17',1),(602,25,27,1,2,1,430,1,'2024-03-20 16:33:17','2024-03-20 16:33:17',1),(603,25,27,1,3,1,430,1,'2024-03-20 16:33:17','2024-03-20 16:33:17',1),(604,25,27,1,4,1,430,1,'2024-03-20 16:33:17','2024-03-20 16:33:17',1),(605,25,27,1,5,1,430,1,'2024-03-20 16:33:17','2024-03-20 16:33:17',1),(606,25,27,1,6,1,430,1,'2024-03-20 16:33:17','2024-03-20 16:33:17',1),(607,25,27,1,7,1,430,1,'2024-03-20 16:33:17','2024-03-20 16:33:17',1),(608,25,27,1,8,1,430,1,'2024-03-20 16:33:17','2024-03-20 16:33:17',1),(609,25,27,1,9,1,430,1,'2024-03-20 16:33:17','2024-03-20 16:33:17',1),(610,25,27,1,10,1,430,1,'2024-03-20 16:33:17','2024-03-20 16:33:17',1),(611,25,27,2,1,1,430,1,'2024-03-20 16:33:17','2024-03-20 16:33:17',1),(612,25,27,2,2,1,430,1,'2024-03-20 16:33:17','2024-03-20 16:33:17',1),(613,25,27,2,3,1,430,1,'2024-03-20 16:33:17','2024-03-20 16:33:17',1),(614,25,27,2,4,1,430,1,'2024-03-20 16:33:17','2024-03-20 16:33:17',1),(615,25,27,2,5,1,430,1,'2024-03-20 16:33:17','2024-03-20 16:33:17',1),(616,25,27,2,6,1,430,1,'2024-03-20 16:33:17','2024-03-20 16:33:17',1),(617,25,27,2,7,1,430,1,'2024-03-20 16:33:17','2024-03-20 16:33:17',1),(618,25,27,2,8,1,430,1,'2024-03-20 16:33:17','2024-03-20 16:33:17',1),(619,25,27,2,9,1,430,1,'2024-03-20 16:33:17','2024-03-20 16:33:17',1),(620,25,27,2,10,1,430,1,'2024-03-20 16:33:17','2024-03-20 16:33:17',1),(621,25,27,3,1,1,430,1,'2024-03-20 16:33:17','2024-03-20 16:33:17',1),(622,25,27,3,2,1,430,1,'2024-03-20 16:33:17','2024-03-20 16:33:17',1),(623,25,27,3,3,1,430,1,'2024-03-20 16:33:17','2024-03-20 16:33:17',1),(624,25,27,3,4,1,430,1,'2024-03-20 16:33:17','2024-03-20 16:33:17',1),(625,25,27,3,5,1,430,1,'2024-03-20 16:33:17','2024-03-20 16:33:17',1),(626,25,27,3,6,1,430,1,'2024-03-20 16:33:17','2024-03-20 16:33:17',1),(627,25,27,3,7,1,430,1,'2024-03-20 16:33:17','2024-03-20 16:33:17',1),(628,25,27,3,8,1,430,1,'2024-03-20 16:33:17','2024-03-20 16:33:17',1),(629,25,27,3,9,1,430,1,'2024-03-20 16:33:17','2024-03-20 16:33:17',1),(630,25,27,3,10,1,430,1,'2024-03-20 16:33:17','2024-03-20 16:33:17',1),(631,25,27,4,1,1,430,1,'2024-03-20 16:33:17','2024-03-20 16:33:17',1),(632,25,27,4,2,1,430,1,'2024-03-20 16:33:17','2024-03-20 16:33:17',1),(633,25,27,4,3,1,430,1,'2024-03-20 16:33:17','2024-03-20 16:33:17',1),(634,25,27,4,4,1,430,1,'2024-03-20 16:33:17','2024-03-20 16:33:17',1),(635,25,27,4,5,1,430,1,'2024-03-20 16:33:17','2024-03-20 16:33:17',1),(636,25,27,4,6,1,430,1,'2024-03-20 16:33:17','2024-03-20 16:33:17',1),(637,25,27,4,7,1,430,1,'2024-03-20 16:33:17','2024-03-20 16:33:17',1),(638,25,27,4,8,1,430,1,'2024-03-20 16:33:17','2024-03-20 16:33:17',1),(639,25,27,4,9,1,430,1,'2024-03-20 16:33:17','2024-03-20 16:33:17',1),(640,25,27,4,10,1,430,1,'2024-03-20 16:33:17','2024-03-20 16:33:17',1),(641,25,27,5,1,1,430,1,'2024-03-20 16:33:17','2024-03-20 16:33:17',1),(642,25,27,5,2,1,430,1,'2024-03-20 16:33:17','2024-03-20 16:33:17',1),(643,25,27,5,3,1,430,1,'2024-03-20 16:33:17','2024-03-20 16:33:17',1),(644,25,27,5,4,1,430,1,'2024-03-20 16:33:17','2024-03-20 16:33:17',1),(645,25,27,5,5,1,430,1,'2024-03-20 16:33:17','2024-03-20 16:33:17',1),(646,25,27,5,6,1,430,1,'2024-03-20 16:33:17','2024-03-20 16:33:17',1),(647,25,27,5,7,1,430,1,'2024-03-20 16:33:17','2024-03-20 16:33:17',1),(648,25,27,5,8,1,430,1,'2024-03-20 16:33:17','2024-03-20 16:33:17',1),(649,25,27,5,9,1,430,1,'2024-03-20 16:33:17','2024-03-20 16:33:17',1),(650,25,27,5,10,1,430,1,'2024-03-20 16:33:17','2024-03-20 16:33:17',1),(651,27,28,1,1,1,350,1,'2024-03-20 16:33:32','2024-03-20 16:33:32',1),(652,27,28,1,2,1,350,1,'2024-03-20 16:33:32','2024-03-20 16:33:32',1),(653,27,28,1,3,1,350,1,'2024-03-20 16:33:32','2024-03-20 16:33:32',1),(654,27,28,1,4,1,350,1,'2024-03-20 16:33:32','2024-03-20 16:33:32',1),(655,27,28,1,5,1,350,1,'2024-03-20 16:33:32','2024-03-20 16:33:32',1),(656,27,28,1,6,1,350,1,'2024-03-20 16:33:32','2024-03-20 16:33:32',1),(657,27,28,1,7,1,350,1,'2024-03-20 16:33:32','2024-03-20 16:33:32',1),(658,27,28,1,8,1,350,1,'2024-03-20 16:33:32','2024-03-20 16:33:32',1),(659,27,28,1,9,1,350,1,'2024-03-20 16:33:32','2024-03-20 16:33:32',1),(660,27,28,1,10,1,350,1,'2024-03-20 16:33:32','2024-03-20 16:33:32',1),(661,27,28,2,1,1,350,1,'2024-03-20 16:33:32','2024-03-20 16:33:32',1),(662,27,28,2,2,1,350,1,'2024-03-20 16:33:32','2024-03-20 16:33:32',1),(663,27,28,2,3,1,350,1,'2024-03-20 16:33:32','2024-03-20 16:33:32',1),(664,27,28,2,4,1,350,1,'2024-03-20 16:33:32','2024-03-20 16:33:32',1),(665,27,28,2,5,1,350,1,'2024-03-20 16:33:32','2024-03-20 16:33:32',1),(666,27,28,2,6,1,350,1,'2024-03-20 16:33:32','2024-03-20 16:33:32',1),(667,27,28,2,7,1,350,1,'2024-03-20 16:33:32','2024-03-20 16:33:32',1),(668,27,28,2,8,1,350,1,'2024-03-20 16:33:32','2024-03-20 16:33:32',1),(669,27,28,2,9,1,350,1,'2024-03-20 16:33:32','2024-03-20 16:33:32',1),(670,27,28,2,10,1,350,1,'2024-03-20 16:33:32','2024-03-20 16:33:32',1),(671,27,28,3,1,1,350,1,'2024-03-20 16:33:32','2024-03-20 16:33:32',1),(672,27,28,3,2,1,350,1,'2024-03-20 16:33:32','2024-03-20 16:33:32',1),(673,27,28,3,3,1,350,1,'2024-03-20 16:33:32','2024-03-20 16:33:32',1),(674,27,28,3,4,1,350,1,'2024-03-20 16:33:32','2024-03-20 16:33:32',1),(675,27,28,3,5,1,350,1,'2024-03-20 16:33:32','2024-03-20 16:33:32',1),(676,27,28,3,6,1,350,1,'2024-03-20 16:33:32','2024-03-20 16:33:32',1),(677,27,28,3,7,1,350,1,'2024-03-20 16:33:32','2024-03-20 16:33:32',1),(678,27,28,3,8,1,350,1,'2024-03-20 16:33:32','2024-03-20 16:33:32',1),(679,27,28,3,9,1,350,1,'2024-03-20 16:33:32','2024-03-20 16:33:32',1),(680,27,28,3,10,1,350,1,'2024-03-20 16:33:32','2024-03-20 16:33:32',1),(681,27,28,4,1,1,350,1,'2024-03-20 16:33:32','2024-03-20 16:33:32',1),(682,27,28,4,2,1,350,1,'2024-03-20 16:33:32','2024-03-20 16:33:32',1),(683,27,28,4,3,1,350,1,'2024-03-20 16:33:32','2024-03-20 16:33:32',1),(684,27,28,4,4,1,350,1,'2024-03-20 16:33:32','2024-03-20 16:33:32',1),(685,27,28,4,5,1,350,1,'2024-03-20 16:33:32','2024-03-20 16:33:32',1),(686,27,28,4,6,1,350,1,'2024-03-20 16:33:32','2024-03-20 16:33:32',1),(687,27,28,4,7,1,350,1,'2024-03-20 16:33:32','2024-03-20 16:33:32',1),(688,27,28,4,8,1,350,1,'2024-03-20 16:33:32','2024-03-20 16:33:32',1),(689,27,28,4,9,1,350,1,'2024-03-20 16:33:32','2024-03-20 16:33:32',1),(690,27,28,4,10,1,350,1,'2024-03-20 16:33:32','2024-03-20 16:33:32',1),(691,27,28,5,1,1,350,1,'2024-03-20 16:33:32','2024-03-20 16:33:32',1),(692,27,28,5,2,1,350,1,'2024-03-20 16:33:32','2024-03-20 16:33:32',1),(693,27,28,5,3,1,350,1,'2024-03-20 16:33:32','2024-03-20 16:33:32',1),(694,27,28,5,4,1,350,1,'2024-03-20 16:33:32','2024-03-20 16:33:32',1),(695,27,28,5,5,1,350,1,'2024-03-20 16:33:32','2024-03-20 16:33:32',1),(696,27,28,5,6,1,350,1,'2024-03-20 16:33:32','2024-03-20 16:33:32',1),(697,27,28,5,7,1,350,1,'2024-03-20 16:33:32','2024-03-20 16:33:32',1),(698,27,28,5,8,1,350,1,'2024-03-20 16:33:33','2024-03-20 16:33:33',1),(699,27,28,5,9,1,350,1,'2024-03-20 16:33:33','2024-03-20 16:33:33',1),(700,27,28,5,10,1,350,1,'2024-03-20 16:33:33','2024-03-20 16:33:33',1),(701,29,29,1,1,1,230,1,'2024-03-20 16:33:48','2024-03-20 16:33:48',1),(702,29,29,1,2,1,230,1,'2024-03-20 16:33:48','2024-03-20 16:33:48',1),(703,29,29,1,3,1,230,1,'2024-03-20 16:33:48','2024-03-20 16:33:48',1),(704,29,29,1,4,1,230,1,'2024-03-20 16:33:48','2024-03-20 16:33:48',1),(705,29,29,1,5,1,230,1,'2024-03-20 16:33:48','2024-03-20 16:33:48',1),(706,29,29,1,6,1,230,1,'2024-03-20 16:33:48','2024-03-20 16:33:48',1),(707,29,29,1,7,1,230,1,'2024-03-20 16:33:48','2024-03-20 16:33:48',1),(708,29,29,1,8,1,230,1,'2024-03-20 16:33:48','2024-03-20 16:33:48',1),(709,29,29,1,9,1,230,1,'2024-03-20 16:33:48','2024-03-20 16:33:48',1),(710,29,29,1,10,1,230,1,'2024-03-20 16:33:48','2024-03-20 16:33:48',1),(711,29,29,2,1,1,230,1,'2024-03-20 16:33:48','2024-03-20 16:33:48',1),(712,29,29,2,2,1,230,1,'2024-03-20 16:33:48','2024-03-20 16:33:48',1),(713,29,29,2,3,1,230,1,'2024-03-20 16:33:48','2024-03-20 16:33:48',1),(714,29,29,2,4,1,230,1,'2024-03-20 16:33:48','2024-03-20 16:33:48',1),(715,29,29,2,5,1,230,1,'2024-03-20 16:33:48','2024-03-20 16:33:48',1),(716,29,29,2,6,1,230,1,'2024-03-20 16:33:48','2024-03-20 16:33:48',1),(717,29,29,2,7,1,230,1,'2024-03-20 16:33:48','2024-03-20 16:33:48',1),(718,29,29,2,8,1,230,1,'2024-03-20 16:33:48','2024-03-20 16:33:48',1),(719,29,29,2,9,1,230,1,'2024-03-20 16:33:48','2024-03-20 16:33:48',1),(720,29,29,2,10,1,230,1,'2024-03-20 16:33:48','2024-03-20 16:33:48',1),(721,29,29,3,1,1,230,1,'2024-03-20 16:33:48','2024-03-20 16:33:48',1),(722,29,29,3,2,1,230,1,'2024-03-20 16:33:48','2024-03-20 16:33:48',1),(723,29,29,3,3,1,230,1,'2024-03-20 16:33:48','2024-03-20 16:33:48',1),(724,29,29,3,4,1,230,1,'2024-03-20 16:33:48','2024-03-20 16:33:48',1),(725,29,29,3,5,1,230,1,'2024-03-20 16:33:48','2024-03-20 16:33:48',1),(726,29,29,3,6,1,230,1,'2024-03-20 16:33:48','2024-03-20 16:33:48',1),(727,29,29,3,7,1,230,1,'2024-03-20 16:33:48','2024-03-20 16:33:48',1),(728,29,29,3,8,1,230,1,'2024-03-20 16:33:48','2024-03-20 16:33:48',1),(729,29,29,3,9,1,230,1,'2024-03-20 16:33:48','2024-03-20 16:33:48',1),(730,29,29,3,10,1,230,1,'2024-03-20 16:33:48','2024-03-20 16:33:48',1),(731,29,29,4,1,1,230,1,'2024-03-20 16:33:48','2024-03-20 16:33:48',1),(732,29,29,4,2,1,230,1,'2024-03-20 16:33:48','2024-03-20 16:33:48',1),(733,29,29,4,3,1,230,1,'2024-03-20 16:33:48','2024-03-20 16:33:48',1),(734,29,29,4,4,1,230,1,'2024-03-20 16:33:48','2024-03-20 16:33:48',1),(735,29,29,4,5,1,230,1,'2024-03-20 16:33:48','2024-03-20 16:33:48',1),(736,29,29,4,6,1,230,1,'2024-03-20 16:33:48','2024-03-20 16:33:48',1),(737,29,29,4,7,1,230,1,'2024-03-20 16:33:48','2024-03-20 16:33:48',1),(738,29,29,4,8,1,230,1,'2024-03-20 16:33:48','2024-03-20 16:33:48',1),(739,29,29,4,9,1,230,1,'2024-03-20 16:33:48','2024-03-20 16:33:48',1),(740,29,29,4,10,1,230,1,'2024-03-20 16:33:48','2024-03-20 16:33:48',1),(741,29,29,5,1,1,230,1,'2024-03-20 16:33:48','2024-03-20 16:33:48',1),(742,29,29,5,2,1,230,1,'2024-03-20 16:33:48','2024-03-20 16:33:48',1),(743,29,29,5,3,1,230,1,'2024-03-20 16:33:48','2024-03-20 16:33:48',1),(744,29,29,5,4,1,230,1,'2024-03-20 16:33:48','2024-03-20 16:33:48',1),(745,29,29,5,5,1,230,1,'2024-03-20 16:33:48','2024-03-20 16:33:48',1),(746,29,29,5,6,1,230,1,'2024-03-20 16:33:48','2024-03-20 16:33:48',1),(747,29,29,5,7,1,230,1,'2024-03-20 16:33:48','2024-03-20 16:33:48',1),(748,29,29,5,8,1,230,1,'2024-03-20 16:33:48','2024-03-20 16:33:48',1),(749,29,29,5,9,1,230,1,'2024-03-20 16:33:48','2024-03-20 16:33:48',1),(750,29,29,5,10,1,230,1,'2024-03-20 16:33:48','2024-03-20 16:33:48',1),(751,31,30,1,1,1,258,1,'2024-03-20 16:34:04','2024-03-20 16:34:04',1),(752,31,30,1,2,1,258,1,'2024-03-20 16:34:04','2024-03-20 16:34:04',1),(753,31,30,1,3,1,258,1,'2024-03-20 16:34:04','2024-03-20 16:34:04',1),(754,31,30,1,4,1,258,1,'2024-03-20 16:34:04','2024-03-20 16:34:04',1),(755,31,30,1,5,1,258,1,'2024-03-20 16:34:04','2024-03-20 16:34:04',1),(756,31,30,1,6,1,258,1,'2024-03-20 16:34:04','2024-03-20 16:34:04',1),(757,31,30,1,7,1,258,1,'2024-03-20 16:34:04','2024-03-20 16:34:04',1),(758,31,30,1,8,1,258,1,'2024-03-20 16:34:04','2024-03-20 16:34:04',1),(759,31,30,1,9,1,258,1,'2024-03-20 16:34:04','2024-03-20 16:34:04',1),(760,31,30,1,10,1,258,1,'2024-03-20 16:34:04','2024-03-20 16:34:04',1),(761,31,30,2,1,1,258,1,'2024-03-20 16:34:04','2024-03-20 16:34:04',1),(762,31,30,2,2,1,258,1,'2024-03-20 16:34:04','2024-03-20 16:34:04',1),(763,31,30,2,3,1,258,1,'2024-03-20 16:34:04','2024-03-20 16:34:04',1),(764,31,30,2,4,1,258,1,'2024-03-20 16:34:04','2024-03-20 16:34:04',1),(765,31,30,2,5,1,258,1,'2024-03-20 16:34:04','2024-03-20 16:34:04',1),(766,31,30,2,6,1,258,1,'2024-03-20 16:34:04','2024-03-20 16:34:04',1),(767,31,30,2,7,1,258,1,'2024-03-20 16:34:04','2024-03-20 16:34:04',1),(768,31,30,2,8,1,258,1,'2024-03-20 16:34:04','2024-03-20 16:34:04',1),(769,31,30,2,9,1,258,1,'2024-03-20 16:34:04','2024-03-20 16:34:04',1),(770,31,30,2,10,1,258,1,'2024-03-20 16:34:04','2024-03-20 16:34:04',1),(771,31,30,3,1,1,258,1,'2024-03-20 16:34:04','2024-03-20 16:34:04',1),(772,31,30,3,2,1,258,1,'2024-03-20 16:34:04','2024-03-20 16:34:04',1),(773,31,30,3,3,1,258,1,'2024-03-20 16:34:04','2024-03-20 16:34:04',1),(774,31,30,3,4,1,258,1,'2024-03-20 16:34:04','2024-03-20 16:34:04',1),(775,31,30,3,5,1,258,1,'2024-03-20 16:34:05','2024-03-20 16:34:05',1),(776,31,30,3,6,1,258,1,'2024-03-20 16:34:05','2024-03-20 16:34:05',1),(777,31,30,3,7,1,258,1,'2024-03-20 16:34:05','2024-03-20 16:34:05',1),(778,31,30,3,8,1,258,1,'2024-03-20 16:34:05','2024-03-20 16:34:05',1),(779,31,30,3,9,1,258,1,'2024-03-20 16:34:05','2024-03-20 16:34:05',1),(780,31,30,3,10,1,258,1,'2024-03-20 16:34:05','2024-03-20 16:34:05',1),(781,31,30,4,1,1,258,1,'2024-03-20 16:34:05','2024-03-20 16:34:05',1),(782,31,30,4,2,1,258,1,'2024-03-20 16:34:05','2024-03-20 16:34:05',1),(783,31,30,4,3,1,258,1,'2024-03-20 16:34:05','2024-03-20 16:34:05',1),(784,31,30,4,4,1,258,1,'2024-03-20 16:34:05','2024-03-20 16:34:05',1),(785,31,30,4,5,1,258,1,'2024-03-20 16:34:05','2024-03-20 16:34:05',1),(786,31,30,4,6,1,258,1,'2024-03-20 16:34:05','2024-03-20 16:34:05',1),(787,31,30,4,7,1,258,1,'2024-03-20 16:34:05','2024-03-20 16:34:05',1),(788,31,30,4,8,1,258,1,'2024-03-20 16:34:05','2024-03-20 16:34:05',1),(789,31,30,4,9,1,258,1,'2024-03-20 16:34:05','2024-03-20 16:34:05',1),(790,31,30,4,10,1,258,1,'2024-03-20 16:34:05','2024-03-20 16:34:05',1),(791,31,30,5,1,1,258,1,'2024-03-20 16:34:05','2024-03-20 16:34:05',1),(792,31,30,5,2,1,258,1,'2024-03-20 16:34:05','2024-03-20 16:34:05',1),(793,31,30,5,3,1,258,1,'2024-03-20 16:34:05','2024-03-20 16:34:05',1),(794,31,30,5,4,1,258,1,'2024-03-20 16:34:05','2024-03-20 16:34:05',1),(795,31,30,5,5,1,258,1,'2024-03-20 16:34:05','2024-03-20 16:34:05',1),(796,31,30,5,6,1,258,1,'2024-03-20 16:34:05','2024-03-20 16:34:05',1),(797,31,30,5,7,1,258,1,'2024-03-20 16:34:05','2024-03-20 16:34:05',1),(798,31,30,5,8,1,258,1,'2024-03-20 16:34:05','2024-03-20 16:34:05',1),(799,31,30,5,9,1,258,1,'2024-03-20 16:34:05','2024-03-20 16:34:05',1),(800,31,30,5,10,1,258,1,'2024-03-20 16:34:05','2024-03-20 16:34:05',1),(801,33,31,1,1,1,700,1,'2024-05-21 16:31:51','2024-05-21 16:31:51',1),(802,33,31,1,2,1,700,1,'2024-05-21 16:31:51','2024-05-21 16:31:51',1),(803,33,31,1,3,1,700,1,'2024-05-21 16:31:51','2024-05-21 16:31:51',1),(804,33,31,1,4,1,700,1,'2024-05-21 16:31:51','2024-05-21 16:31:51',1),(805,33,31,1,5,1,700,1,'2024-05-21 16:31:51','2024-05-21 16:31:51',1),(806,33,31,1,6,1,700,1,'2024-05-21 16:31:51','2024-05-21 16:31:51',1),(807,33,31,1,7,1,700,1,'2024-05-21 16:31:51','2024-05-21 16:31:51',1),(808,33,31,1,8,1,700,1,'2024-05-21 16:31:51','2024-05-21 16:31:51',1),(809,33,31,1,9,1,700,1,'2024-05-21 16:31:51','2024-05-21 16:31:51',1),(810,33,31,1,10,1,700,1,'2024-05-21 16:31:51','2024-05-21 16:31:51',1),(811,33,31,2,1,1,700,1,'2024-05-21 16:31:51','2024-05-21 16:31:51',1),(812,33,31,2,2,1,700,1,'2024-05-21 16:31:51','2024-05-21 16:31:51',1),(813,33,31,2,3,1,700,1,'2024-05-21 16:31:51','2024-05-21 16:31:51',1),(814,33,31,2,4,1,700,1,'2024-05-21 16:31:51','2024-05-21 16:31:51',1),(815,33,31,2,5,1,700,1,'2024-05-21 16:31:51','2024-05-21 16:31:51',1),(816,33,31,2,6,1,700,1,'2024-05-21 16:31:51','2024-05-21 16:31:51',1),(817,33,31,2,7,1,700,1,'2024-05-21 16:31:51','2024-05-21 16:31:51',1),(818,33,31,2,8,1,700,1,'2024-05-21 16:31:51','2024-05-21 16:31:51',1),(819,33,31,2,9,1,700,1,'2024-05-21 16:31:51','2024-05-21 16:31:51',1),(820,33,31,2,10,1,700,1,'2024-05-21 16:31:51','2024-05-21 16:31:51',1),(821,33,31,3,1,1,700,1,'2024-05-21 16:31:51','2024-05-21 16:31:51',1),(822,33,31,3,2,1,700,1,'2024-05-21 16:31:51','2024-05-21 16:31:51',1),(823,33,31,3,3,1,700,1,'2024-05-21 16:31:51','2024-05-21 16:31:51',1),(824,33,31,3,4,1,700,1,'2024-05-21 16:31:51','2024-05-21 16:31:51',1),(825,33,31,3,5,1,700,1,'2024-05-21 16:31:51','2024-05-21 16:31:51',1),(826,33,31,3,6,1,700,1,'2024-05-21 16:31:51','2024-05-21 16:31:51',1),(827,33,31,3,7,1,700,1,'2024-05-21 16:31:51','2024-05-21 16:31:51',1),(828,33,31,3,8,1,700,1,'2024-05-21 16:31:51','2024-05-21 16:31:51',1),(829,33,31,3,9,1,700,1,'2024-05-21 16:31:51','2024-05-21 16:31:51',1),(830,33,31,3,10,1,700,1,'2024-05-21 16:31:51','2024-05-21 16:31:51',1),(831,33,31,4,1,1,700,1,'2024-05-21 16:31:51','2024-05-21 16:31:51',1),(832,33,31,4,2,1,700,1,'2024-05-21 16:31:51','2024-05-21 16:31:51',1),(833,33,31,4,3,1,700,1,'2024-05-21 16:31:51','2024-05-21 16:31:51',1),(834,33,31,4,4,1,700,1,'2024-05-21 16:31:51','2024-05-21 16:31:51',1),(835,33,31,4,5,1,700,1,'2024-05-21 16:31:51','2024-05-21 16:31:51',1),(836,33,31,4,6,1,700,1,'2024-05-21 16:31:51','2024-05-21 16:31:51',1),(837,33,31,4,7,1,700,1,'2024-05-21 16:31:51','2024-05-21 16:31:51',1),(838,33,31,4,8,1,700,1,'2024-05-21 16:31:51','2024-05-21 16:31:51',1),(839,33,31,4,9,1,700,1,'2024-05-21 16:31:51','2024-05-21 16:31:51',1),(840,33,31,4,10,1,700,1,'2024-05-21 16:31:51','2024-05-21 16:31:51',1),(841,33,31,5,1,1,700,1,'2024-05-21 16:31:51','2024-05-21 16:31:51',1),(842,33,31,5,2,1,700,1,'2024-05-21 16:31:51','2024-05-21 16:31:51',1),(843,33,31,5,3,1,700,1,'2024-05-21 16:31:51','2024-05-21 16:31:51',1),(844,33,31,5,4,1,700,1,'2024-05-21 16:31:51','2024-05-21 16:31:51',1),(845,33,31,5,5,1,700,1,'2024-05-21 16:31:52','2024-05-21 16:31:52',1),(846,33,31,5,6,1,700,1,'2024-05-21 16:31:52','2024-05-21 16:31:52',1),(847,33,31,5,7,1,700,1,'2024-05-21 16:31:52','2024-05-21 16:31:52',1),(848,33,31,5,8,1,700,1,'2024-05-21 16:31:52','2024-05-21 16:31:52',1),(849,33,31,5,9,1,700,1,'2024-05-21 16:31:52','2024-05-21 16:31:52',1),(850,33,31,5,10,1,700,1,'2024-05-21 16:31:52','2024-05-21 16:31:52',1),(851,33,31,6,1,1,700,1,'2024-05-21 16:31:52','2024-05-21 16:31:52',1),(852,33,31,6,2,1,700,1,'2024-05-21 16:31:52','2024-05-21 16:31:52',1),(853,33,31,6,3,1,700,1,'2024-05-21 16:31:52','2024-05-21 16:31:52',1),(854,33,31,6,4,1,700,1,'2024-05-21 16:31:52','2024-05-21 16:31:52',1),(855,33,31,6,5,1,700,1,'2024-05-21 16:31:52','2024-05-21 16:31:52',1),(856,33,31,6,6,1,700,1,'2024-05-21 16:31:52','2024-05-21 16:31:52',1),(857,33,31,6,7,1,700,1,'2024-05-21 16:31:52','2024-05-21 16:31:52',1),(858,33,31,6,8,1,700,1,'2024-05-21 16:31:52','2024-05-21 16:31:52',1),(859,33,31,6,9,1,700,1,'2024-05-21 16:31:52','2024-05-21 16:31:52',1),(860,33,31,6,10,1,700,1,'2024-05-21 16:31:52','2024-05-21 16:31:52',1),(861,33,31,7,1,1,700,1,'2024-05-21 16:31:52','2024-05-21 16:31:52',1),(862,33,31,7,2,1,700,1,'2024-05-21 16:31:52','2024-05-21 16:31:52',1),(863,33,31,7,3,1,700,1,'2024-05-21 16:31:52','2024-05-21 16:31:52',1),(864,33,31,7,4,1,700,1,'2024-05-21 16:31:52','2024-05-21 16:31:52',1),(865,33,31,7,5,1,700,1,'2024-05-21 16:31:52','2024-05-21 16:31:52',1),(866,33,31,7,6,1,700,1,'2024-05-21 16:31:52','2024-05-21 16:31:52',1),(867,33,31,7,7,1,700,1,'2024-05-21 16:31:52','2024-05-21 16:31:52',1),(868,33,31,7,8,1,700,1,'2024-05-21 16:31:52','2024-05-21 16:31:52',1),(869,33,31,7,9,1,700,1,'2024-05-21 16:31:52','2024-05-21 16:31:52',1),(870,33,31,7,10,1,700,1,'2024-05-21 16:31:52','2024-05-21 16:31:52',1),(871,33,31,8,1,1,700,1,'2024-05-21 16:31:52','2024-05-21 16:31:52',1),(872,33,31,8,2,1,700,1,'2024-05-21 16:31:52','2024-05-21 16:31:52',1),(873,33,31,8,3,1,700,1,'2024-05-21 16:31:52','2024-05-21 16:31:52',1),(874,33,31,8,4,1,700,1,'2024-05-21 16:31:52','2024-05-21 16:31:52',1),(875,33,31,8,5,1,700,1,'2024-05-21 16:31:52','2024-05-21 16:31:52',1),(876,33,31,8,6,1,700,1,'2024-05-21 16:31:52','2024-05-21 16:31:52',1),(877,33,31,8,7,1,700,1,'2024-05-21 16:31:52','2024-05-21 16:31:52',1),(878,33,31,8,8,1,700,1,'2024-05-21 16:31:52','2024-05-21 16:31:52',1),(879,33,31,8,9,1,700,1,'2024-05-21 16:31:52','2024-05-21 16:31:52',1),(880,33,31,8,10,1,700,1,'2024-05-21 16:31:52','2024-05-21 16:31:52',1),(881,33,31,9,1,1,700,1,'2024-05-21 16:31:52','2024-05-21 16:31:52',1),(882,33,31,9,2,1,700,1,'2024-05-21 16:31:52','2024-05-21 16:31:52',1),(883,33,31,9,3,1,700,1,'2024-05-21 16:31:52','2024-05-21 16:31:52',1),(884,33,31,9,4,1,700,1,'2024-05-21 16:31:52','2024-05-21 16:31:52',1),(885,33,31,9,5,1,700,1,'2024-05-21 16:31:52','2024-05-21 16:31:52',1),(886,33,31,9,6,1,700,1,'2024-05-21 16:31:52','2024-05-21 16:31:52',1),(887,33,31,9,7,1,700,1,'2024-05-21 16:31:52','2024-05-21 16:31:52',1),(888,33,31,9,8,1,700,1,'2024-05-21 16:31:52','2024-05-21 16:31:52',1),(889,33,31,9,9,1,700,1,'2024-05-21 16:31:52','2024-05-21 16:31:52',1),(890,33,31,9,10,1,700,1,'2024-05-21 16:31:52','2024-05-21 16:31:52',1),(891,33,31,10,1,1,700,1,'2024-05-21 16:31:52','2024-05-21 16:31:52',1),(892,33,31,10,2,1,700,1,'2024-05-21 16:31:52','2024-05-21 16:31:52',1),(893,33,31,10,3,1,700,1,'2024-05-21 16:31:52','2024-05-21 16:31:52',1),(894,33,31,10,4,1,700,1,'2024-05-21 16:31:52','2024-05-21 16:31:52',1),(895,33,31,10,5,1,700,1,'2024-05-21 16:31:52','2024-05-21 16:31:52',1),(896,33,31,10,6,1,700,1,'2024-05-21 16:31:52','2024-05-21 16:31:52',1),(897,33,31,10,7,1,700,1,'2024-05-21 16:31:52','2024-05-21 16:31:52',1),(898,33,31,10,8,1,700,1,'2024-05-21 16:31:52','2024-05-21 16:31:52',1),(899,33,31,10,9,1,700,1,'2024-05-21 16:31:52','2024-05-21 16:31:52',1),(900,33,31,10,10,1,700,1,'2024-05-21 16:31:52','2024-05-21 16:31:52',1),(901,35,32,1,1,1,900,1,'2024-05-21 16:33:01','2024-05-21 16:33:01',1),(902,35,32,1,2,1,900,1,'2024-05-21 16:33:02','2024-05-21 16:33:02',1),(903,35,32,1,3,1,900,1,'2024-05-21 16:33:02','2024-05-21 16:33:02',1),(904,35,32,1,4,1,900,1,'2024-05-21 16:33:02','2024-05-21 16:33:02',1),(905,35,32,1,5,1,900,1,'2024-05-21 16:33:02','2024-05-21 16:33:02',1),(906,35,32,1,6,1,900,1,'2024-05-21 16:33:02','2024-05-21 16:33:02',1),(907,35,32,1,7,1,900,1,'2024-05-21 16:33:02','2024-05-21 16:33:02',1),(908,35,32,1,8,1,900,1,'2024-05-21 16:33:02','2024-05-21 16:33:02',1),(909,35,32,1,9,1,900,1,'2024-05-21 16:33:02','2024-05-21 16:33:02',1),(910,35,32,1,10,1,900,1,'2024-05-21 16:33:02','2024-05-21 16:33:02',1),(911,35,32,2,1,1,900,1,'2024-05-21 16:33:02','2024-05-21 16:33:02',1),(912,35,32,2,2,1,900,1,'2024-05-21 16:33:02','2024-05-21 16:33:02',1),(913,35,32,2,3,1,900,1,'2024-05-21 16:33:02','2024-05-21 16:33:02',1),(914,35,32,2,4,1,900,1,'2024-05-21 16:33:02','2024-05-21 16:33:02',1),(915,35,32,2,5,1,900,1,'2024-05-21 16:33:02','2024-05-21 16:33:02',1),(916,35,32,2,6,1,900,1,'2024-05-21 16:33:02','2024-05-21 16:33:02',1),(917,35,32,2,7,1,900,1,'2024-05-21 16:33:02','2024-05-21 16:33:02',1),(918,35,32,2,8,1,900,1,'2024-05-21 16:33:02','2024-05-21 16:33:02',1),(919,35,32,2,9,1,900,1,'2024-05-21 16:33:02','2024-05-21 16:33:02',1),(920,35,32,2,10,1,900,1,'2024-05-21 16:33:02','2024-05-21 16:33:02',1),(921,35,32,3,1,1,900,1,'2024-05-21 16:33:02','2024-05-21 16:33:02',1),(922,35,32,3,2,1,900,1,'2024-05-21 16:33:02','2024-05-21 16:33:02',1),(923,35,32,3,3,1,900,1,'2024-05-21 16:33:02','2024-05-21 16:33:02',1),(924,35,32,3,4,1,900,1,'2024-05-21 16:33:02','2024-05-21 16:33:02',1),(925,35,32,3,5,1,900,1,'2024-05-21 16:33:02','2024-05-21 16:33:02',1),(926,35,32,3,6,1,900,1,'2024-05-21 16:33:02','2024-05-21 16:33:02',1),(927,35,32,3,7,1,900,1,'2024-05-21 16:33:02','2024-05-21 16:33:02',1),(928,35,32,3,8,1,900,1,'2024-05-21 16:33:02','2024-05-21 16:33:02',1),(929,35,32,3,9,1,900,1,'2024-05-21 16:33:02','2024-05-21 16:33:02',1),(930,35,32,3,10,1,900,1,'2024-05-21 16:33:02','2024-05-21 16:33:02',1),(931,35,32,4,1,1,900,1,'2024-05-21 16:33:02','2024-05-21 16:33:02',1),(932,35,32,4,2,1,900,1,'2024-05-21 16:33:02','2024-05-21 16:33:02',1),(933,35,32,4,3,1,900,1,'2024-05-21 16:33:02','2024-05-21 16:33:02',1),(934,35,32,4,4,1,900,1,'2024-05-21 16:33:02','2024-05-21 16:33:02',1),(935,35,32,4,5,1,900,1,'2024-05-21 16:33:02','2024-05-21 16:33:02',1),(936,35,32,4,6,1,900,1,'2024-05-21 16:33:02','2024-05-21 16:33:02',1),(937,35,32,4,7,1,900,1,'2024-05-21 16:33:02','2024-05-21 16:33:02',1),(938,35,32,4,8,1,900,1,'2024-05-21 16:33:02','2024-05-21 16:33:02',1),(939,35,32,4,9,1,900,1,'2024-05-21 16:33:02','2024-05-21 16:33:02',1),(940,35,32,4,10,1,900,1,'2024-05-21 16:33:02','2024-05-21 16:33:02',1),(941,35,32,5,1,1,900,1,'2024-05-21 16:33:02','2024-05-21 16:33:02',1),(942,35,32,5,2,1,900,1,'2024-05-21 16:33:02','2024-05-21 16:33:02',1),(943,35,32,5,3,1,900,1,'2024-05-21 16:33:02','2024-05-21 16:33:02',1),(944,35,32,5,4,1,900,1,'2024-05-21 16:33:02','2024-05-21 16:33:02',1),(945,35,32,5,5,1,900,1,'2024-05-21 16:33:02','2024-05-21 16:33:02',1),(946,35,32,5,6,1,900,1,'2024-05-21 16:33:02','2024-05-21 16:33:02',1),(947,35,32,5,7,1,900,1,'2024-05-21 16:33:02','2024-05-21 16:33:02',1),(948,35,32,5,8,1,900,1,'2024-05-21 16:33:02','2024-05-21 16:33:02',1),(949,35,32,5,9,1,900,1,'2024-05-21 16:33:02','2024-05-21 16:33:02',1),(950,35,32,5,10,1,900,1,'2024-05-21 16:33:02','2024-05-21 16:33:02',1),(951,35,32,6,1,1,900,1,'2024-05-21 16:33:02','2024-05-21 16:33:02',1),(952,35,32,6,2,1,900,1,'2024-05-21 16:33:02','2024-05-21 16:33:02',1),(953,35,32,6,3,1,900,1,'2024-05-21 16:33:02','2024-05-21 16:33:02',1),(954,35,32,6,4,1,900,1,'2024-05-21 16:33:02','2024-05-21 16:33:02',1),(955,35,32,6,5,1,900,1,'2024-05-21 16:33:02','2024-05-21 16:33:02',1),(956,35,32,6,6,1,900,1,'2024-05-21 16:33:02','2024-05-21 16:33:02',1),(957,35,32,6,7,1,900,1,'2024-05-21 16:33:02','2024-05-21 16:33:02',1),(958,35,32,6,8,1,900,1,'2024-05-21 16:33:02','2024-05-21 16:33:02',1),(959,35,32,6,9,1,900,1,'2024-05-21 16:33:02','2024-05-21 16:33:02',1),(960,35,32,6,10,1,900,1,'2024-05-21 16:33:02','2024-05-21 16:33:02',1),(961,35,32,7,1,1,900,1,'2024-05-21 16:33:02','2024-05-21 16:33:02',1),(962,35,32,7,2,1,900,1,'2024-05-21 16:33:02','2024-05-21 16:33:02',1),(963,35,32,7,3,1,900,1,'2024-05-21 16:33:02','2024-05-21 16:33:02',1),(964,35,32,7,4,1,900,1,'2024-05-21 16:33:02','2024-05-21 16:33:02',1),(965,35,32,7,5,1,900,1,'2024-05-21 16:33:02','2024-05-21 16:33:02',1),(966,35,32,7,6,1,900,1,'2024-05-21 16:33:02','2024-05-21 16:33:02',1),(967,35,32,7,7,1,900,1,'2024-05-21 16:33:02','2024-05-21 16:33:02',1),(968,35,32,7,8,1,900,1,'2024-05-21 16:33:02','2024-05-21 16:33:02',1),(969,35,32,7,9,1,900,1,'2024-05-21 16:33:02','2024-05-21 16:33:02',1),(970,35,32,7,10,1,900,1,'2024-05-21 16:33:02','2024-05-21 16:33:02',1),(971,35,32,8,1,1,900,1,'2024-05-21 16:33:02','2024-05-21 16:33:02',1),(972,35,32,8,2,1,900,1,'2024-05-21 16:33:02','2024-05-21 16:33:02',1),(973,35,32,8,3,1,900,1,'2024-05-21 16:33:02','2024-05-21 16:33:02',1),(974,35,32,8,4,1,900,1,'2024-05-21 16:33:02','2024-05-21 16:33:02',1),(975,35,32,8,5,1,900,1,'2024-05-21 16:33:02','2024-05-21 16:33:02',1),(976,35,32,8,6,1,900,1,'2024-05-21 16:33:02','2024-05-21 16:33:02',1),(977,35,32,8,7,1,900,1,'2024-05-21 16:33:02','2024-05-21 16:33:02',1),(978,35,32,8,8,1,900,1,'2024-05-21 16:33:02','2024-05-21 16:33:02',1),(979,35,32,8,9,1,900,1,'2024-05-21 16:33:02','2024-05-21 16:33:02',1),(980,35,32,8,10,1,900,1,'2024-05-21 16:33:02','2024-05-21 16:33:02',1),(981,35,32,9,1,1,900,1,'2024-05-21 16:33:02','2024-05-21 16:33:02',1),(982,35,32,9,2,1,900,1,'2024-05-21 16:33:02','2024-05-21 16:33:02',1),(983,35,32,9,3,1,900,1,'2024-05-21 16:33:02','2024-05-21 16:33:02',1),(984,35,32,9,4,1,900,1,'2024-05-21 16:33:02','2024-05-21 16:33:02',1),(985,35,32,9,5,1,900,1,'2024-05-21 16:33:02','2024-05-21 16:33:02',1),(986,35,32,9,6,1,900,1,'2024-05-21 16:33:02','2024-05-21 16:33:02',1),(987,35,32,9,7,1,900,1,'2024-05-21 16:33:02','2024-05-21 16:33:02',1),(988,35,32,9,8,1,900,1,'2024-05-21 16:33:02','2024-05-21 16:33:02',1),(989,35,32,9,9,1,900,1,'2024-05-21 16:33:02','2024-05-21 16:33:02',1),(990,35,32,9,10,1,900,1,'2024-05-21 16:33:02','2024-05-21 16:33:02',1),(991,35,32,10,1,1,900,1,'2024-05-21 16:33:02','2024-05-21 16:33:02',1),(992,35,32,10,2,1,900,1,'2024-05-21 16:33:02','2024-05-21 16:33:02',1),(993,35,32,10,3,1,900,1,'2024-05-21 16:33:02','2024-05-21 16:33:02',1),(994,35,32,10,4,1,900,1,'2024-05-21 16:33:02','2024-05-21 16:33:02',1),(995,35,32,10,5,1,900,1,'2024-05-21 16:33:02','2024-05-21 16:33:02',1),(996,35,32,10,6,1,900,1,'2024-05-21 16:33:02','2024-05-21 16:33:02',1),(997,35,32,10,7,1,900,1,'2024-05-21 16:33:03','2024-05-21 16:33:03',1),(998,35,32,10,8,1,900,1,'2024-05-21 16:33:03','2024-05-21 16:33:03',1),(999,35,32,10,9,1,900,1,'2024-05-21 16:33:03','2024-05-21 16:33:03',1),(1000,35,32,10,10,1,900,1,'2024-05-21 16:33:03','2024-05-21 16:33:03',1),(1001,37,33,1,1,1,458,1,'2024-05-21 16:34:21','2024-05-21 16:34:21',1),(1002,37,33,1,2,1,458,1,'2024-05-21 16:34:21','2024-05-21 16:34:21',1),(1003,37,33,1,3,1,458,1,'2024-05-21 16:34:21','2024-05-21 16:34:21',1),(1004,37,33,1,4,1,458,1,'2024-05-21 16:34:21','2024-05-21 16:34:21',1),(1005,37,33,1,5,1,458,1,'2024-05-21 16:34:21','2024-05-21 16:34:21',1),(1006,37,33,1,6,1,458,1,'2024-05-21 16:34:21','2024-05-21 16:34:21',1),(1007,37,33,1,7,1,458,1,'2024-05-21 16:34:21','2024-05-21 16:34:21',1),(1008,37,33,1,8,1,458,1,'2024-05-21 16:34:21','2024-05-21 16:34:21',1),(1009,37,33,1,9,1,458,1,'2024-05-21 16:34:21','2024-05-21 16:34:21',1),(1010,37,33,1,10,1,458,1,'2024-05-21 16:34:21','2024-05-21 16:34:21',1),(1011,37,33,2,1,1,458,1,'2024-05-21 16:34:21','2024-05-21 16:34:21',1),(1012,37,33,2,2,1,458,1,'2024-05-21 16:34:21','2024-05-21 16:34:21',1),(1013,37,33,2,3,1,458,1,'2024-05-21 16:34:21','2024-05-21 16:34:21',1),(1014,37,33,2,4,1,458,1,'2024-05-21 16:34:21','2024-05-21 16:34:21',1),(1015,37,33,2,5,1,458,1,'2024-05-21 16:34:21','2024-05-21 16:34:21',1),(1016,37,33,2,6,1,458,1,'2024-05-21 16:34:21','2024-05-21 16:34:21',1),(1017,37,33,2,7,1,458,1,'2024-05-21 16:34:21','2024-05-21 16:34:21',1),(1018,37,33,2,8,1,458,1,'2024-05-21 16:34:21','2024-05-21 16:34:21',1),(1019,37,33,2,9,1,458,1,'2024-05-21 16:34:21','2024-05-21 16:34:21',1),(1020,37,33,2,10,1,458,1,'2024-05-21 16:34:21','2024-05-21 16:34:21',1),(1021,37,34,3,1,1,258,1,'2024-05-21 16:34:21','2024-05-21 16:34:21',1),(1022,37,34,3,2,1,258,1,'2024-05-21 16:34:21','2024-05-21 16:34:21',1),(1023,37,34,3,3,1,258,1,'2024-05-21 16:34:21','2024-05-21 16:34:21',1),(1024,37,34,3,4,1,258,1,'2024-05-21 16:34:21','2024-05-21 16:34:21',1),(1025,37,34,3,5,1,258,1,'2024-05-21 16:34:21','2024-05-21 16:34:21',1),(1026,37,34,3,6,1,258,1,'2024-05-21 16:34:21','2024-05-21 16:34:21',1),(1027,37,34,3,7,1,258,1,'2024-05-21 16:34:21','2024-05-21 16:34:21',1),(1028,37,34,3,8,1,258,1,'2024-05-21 16:34:21','2024-05-21 16:34:21',1),(1029,37,34,3,9,1,258,1,'2024-05-21 16:34:21','2024-05-21 16:34:21',1),(1030,37,34,3,10,1,258,1,'2024-05-21 16:34:21','2024-05-21 16:34:21',1),(1031,37,34,4,1,1,258,1,'2024-05-21 16:34:21','2024-05-21 16:34:21',1),(1032,37,34,4,2,1,258,1,'2024-05-21 16:34:21','2024-05-21 16:34:21',1),(1033,37,34,4,3,1,258,1,'2024-05-21 16:34:21','2024-05-21 16:34:21',1),(1034,37,34,4,4,1,258,1,'2024-05-21 16:34:21','2024-05-21 16:34:21',1),(1035,37,34,4,5,1,258,1,'2024-05-21 16:34:21','2024-05-21 16:34:21',1),(1036,37,34,4,6,1,258,1,'2024-05-21 16:34:21','2024-05-21 16:34:21',1),(1037,37,34,4,7,1,258,1,'2024-05-21 16:34:21','2024-05-21 16:34:21',1),(1038,37,34,4,8,1,258,1,'2024-05-21 16:34:21','2024-05-21 16:34:21',1),(1039,37,34,4,9,1,258,1,'2024-05-21 16:34:21','2024-05-21 16:34:21',1),(1040,37,34,4,10,1,258,1,'2024-05-21 16:34:21','2024-05-21 16:34:21',1),(1041,37,34,5,1,1,258,1,'2024-05-21 16:34:21','2024-05-21 16:34:21',1),(1042,37,34,5,2,1,258,1,'2024-05-21 16:34:21','2024-05-21 16:34:21',1),(1043,37,34,5,3,1,258,1,'2024-05-21 16:34:21','2024-05-21 16:34:21',1),(1044,37,34,5,4,1,258,1,'2024-05-21 16:34:21','2024-05-21 16:34:21',1),(1045,37,34,5,5,1,258,1,'2024-05-21 16:34:21','2024-05-21 16:34:21',1),(1046,37,34,5,6,1,258,1,'2024-05-21 16:34:21','2024-05-21 16:34:21',1),(1047,37,34,5,7,1,258,1,'2024-05-21 16:34:21','2024-05-21 16:34:21',1),(1048,37,34,5,8,1,258,1,'2024-05-21 16:34:21','2024-05-21 16:34:21',1),(1049,37,34,5,9,1,258,1,'2024-05-21 16:34:21','2024-05-21 16:34:21',1),(1050,37,34,5,10,1,258,1,'2024-05-21 16:34:21','2024-05-21 16:34:21',1),(1051,39,35,1,1,1,780,1,'2024-05-21 16:35:24','2024-05-21 16:35:24',1),(1052,39,35,1,2,1,780,1,'2024-05-21 16:35:24','2024-05-21 16:35:24',1),(1053,39,35,1,3,1,780,1,'2024-05-21 16:35:24','2024-05-21 16:35:24',1),(1054,39,35,1,4,1,780,1,'2024-05-21 16:35:24','2024-05-21 16:35:24',1),(1055,39,35,1,5,1,780,1,'2024-05-21 16:35:24','2024-05-21 16:35:24',1),(1056,39,35,1,6,1,780,1,'2024-05-21 16:35:24','2024-05-21 16:35:24',1),(1057,39,35,1,7,1,780,1,'2024-05-21 16:35:24','2024-05-21 16:35:24',1),(1058,39,35,1,8,1,780,1,'2024-05-21 16:35:24','2024-05-21 16:35:24',1),(1059,39,35,1,9,1,780,1,'2024-05-21 16:35:24','2024-05-21 16:35:24',1),(1060,39,35,1,10,1,780,1,'2024-05-21 16:35:24','2024-05-21 16:35:24',1),(1061,39,35,2,1,1,780,1,'2024-05-21 16:35:24','2024-05-21 16:35:24',1),(1062,39,35,2,2,1,780,1,'2024-05-21 16:35:24','2024-05-21 16:35:24',1),(1063,39,35,2,3,1,780,1,'2024-05-21 16:35:24','2024-05-21 16:35:24',1),(1064,39,35,2,4,1,780,1,'2024-05-21 16:35:24','2024-05-21 16:35:24',1),(1065,39,35,2,5,1,780,1,'2024-05-21 16:35:24','2024-05-21 16:35:24',1),(1066,39,35,2,6,1,780,1,'2024-05-21 16:35:24','2024-05-21 16:35:24',1),(1067,39,35,2,7,1,780,1,'2024-05-21 16:35:24','2024-05-21 16:35:24',1),(1068,39,35,2,8,1,780,1,'2024-05-21 16:35:24','2024-05-21 16:35:24',1),(1069,39,35,2,9,1,780,1,'2024-05-21 16:35:24','2024-05-21 16:35:24',1),(1070,39,35,2,10,1,780,1,'2024-05-21 16:35:24','2024-05-21 16:35:24',1),(1071,39,36,3,1,1,580,1,'2024-05-21 16:35:24','2024-05-21 16:35:24',1),(1072,39,36,3,2,1,580,1,'2024-05-21 16:35:25','2024-05-21 16:35:25',1),(1073,39,36,3,3,1,580,1,'2024-05-21 16:35:25','2024-05-21 16:35:25',1),(1074,39,36,3,4,1,580,1,'2024-05-21 16:35:25','2024-05-21 16:35:25',1),(1075,39,36,3,5,1,580,1,'2024-05-21 16:35:25','2024-05-21 16:35:25',1),(1076,39,36,3,6,1,580,1,'2024-05-21 16:35:25','2024-05-21 16:35:25',1),(1077,39,36,3,7,1,580,1,'2024-05-21 16:35:25','2024-05-21 16:35:25',1),(1078,39,36,3,8,1,580,1,'2024-05-21 16:35:25','2024-05-21 16:35:25',1),(1079,39,36,3,9,1,580,1,'2024-05-21 16:35:25','2024-05-21 16:35:25',1),(1080,39,36,3,10,1,580,1,'2024-05-21 16:35:25','2024-05-21 16:35:25',1),(1081,39,36,4,1,1,580,1,'2024-05-21 16:35:25','2024-05-21 16:35:25',1),(1082,39,36,4,2,1,580,1,'2024-05-21 16:35:25','2024-05-21 16:35:25',1),(1083,39,36,4,3,1,580,1,'2024-05-21 16:35:25','2024-05-21 16:35:25',1),(1084,39,36,4,4,1,580,1,'2024-05-21 16:35:25','2024-05-21 16:35:25',1),(1085,39,36,4,5,1,580,1,'2024-05-21 16:35:25','2024-05-21 16:35:25',1),(1086,39,36,4,6,1,580,1,'2024-05-21 16:35:25','2024-05-21 16:35:25',1),(1087,39,36,4,7,1,580,1,'2024-05-21 16:35:25','2024-05-21 16:35:25',1),(1088,39,36,4,8,1,580,1,'2024-05-21 16:35:25','2024-05-21 16:35:25',1),(1089,39,36,4,9,1,580,1,'2024-05-21 16:35:25','2024-05-21 16:35:25',1),(1090,39,36,4,10,1,580,1,'2024-05-21 16:35:25','2024-05-21 16:35:25',1),(1091,39,36,5,1,1,580,1,'2024-05-21 16:35:25','2024-05-21 16:35:25',1),(1092,39,36,5,2,1,580,1,'2024-05-21 16:35:25','2024-05-21 16:35:25',1),(1093,39,36,5,3,1,580,1,'2024-05-21 16:35:25','2024-05-21 16:35:25',1),(1094,39,36,5,4,1,580,1,'2024-05-21 16:35:25','2024-05-21 16:35:25',1),(1095,39,36,5,5,1,580,1,'2024-05-21 16:35:25','2024-05-21 16:35:25',1),(1096,39,36,5,6,1,580,1,'2024-05-21 16:35:25','2024-05-21 16:35:25',1),(1097,39,36,5,7,1,580,1,'2024-05-21 16:35:25','2024-05-21 16:35:25',1),(1098,39,36,5,8,1,580,1,'2024-05-21 16:35:25','2024-05-21 16:35:25',1),(1099,39,36,5,9,1,580,1,'2024-05-21 16:35:25','2024-05-21 16:35:25',1),(1100,39,36,5,10,1,580,1,'2024-05-21 16:35:25','2024-05-21 16:35:25',1),(1101,41,37,1,1,1,880,1,'2024-05-21 16:36:05','2024-05-21 16:36:05',1),(1102,41,37,1,2,1,880,1,'2024-05-21 16:36:05','2024-05-21 16:36:05',1),(1103,41,37,1,3,1,880,1,'2024-05-21 16:36:05','2024-05-21 16:36:05',1),(1104,41,37,1,4,1,880,1,'2024-05-21 16:36:05','2024-05-21 16:36:05',1),(1105,41,37,1,5,1,880,1,'2024-05-21 16:36:05','2024-05-21 16:36:05',1),(1106,41,37,1,6,1,880,1,'2024-05-21 16:36:05','2024-05-21 16:36:05',1),(1107,41,37,1,7,1,880,1,'2024-05-21 16:36:05','2024-05-21 16:36:05',1),(1108,41,37,1,8,1,880,1,'2024-05-21 16:36:05','2024-05-21 16:36:05',1),(1109,41,37,1,9,1,880,1,'2024-05-21 16:36:05','2024-05-21 16:36:05',1),(1110,41,37,1,10,1,880,1,'2024-05-21 16:36:05','2024-05-21 16:36:05',1),(1111,41,37,2,1,1,880,1,'2024-05-21 16:36:05','2024-05-21 16:36:05',1),(1112,41,37,2,2,1,880,1,'2024-05-21 16:36:05','2024-05-21 16:36:05',1),(1113,41,37,2,3,1,880,1,'2024-05-21 16:36:05','2024-05-21 16:36:05',1),(1114,41,37,2,4,1,880,1,'2024-05-21 16:36:05','2024-05-21 16:36:05',1),(1115,41,37,2,5,1,880,1,'2024-05-21 16:36:05','2024-05-21 16:36:05',1),(1116,41,37,2,6,1,880,1,'2024-05-21 16:36:05','2024-05-21 16:36:05',1),(1117,41,37,2,7,1,880,1,'2024-05-21 16:36:05','2024-05-21 16:36:05',1),(1118,41,37,2,8,1,880,1,'2024-05-21 16:36:05','2024-05-21 16:36:05',1),(1119,41,37,2,9,1,880,1,'2024-05-21 16:36:05','2024-05-21 16:36:05',1),(1120,41,37,2,10,1,880,1,'2024-05-21 16:36:05','2024-05-21 16:36:05',1),(1121,41,38,3,1,1,480,1,'2024-05-21 16:36:05','2024-05-21 16:36:05',1),(1122,41,38,3,2,1,480,1,'2024-05-21 16:36:05','2024-05-21 16:36:05',1),(1123,41,38,3,3,1,480,1,'2024-05-21 16:36:05','2024-05-21 16:36:05',1),(1124,41,38,3,4,1,480,1,'2024-05-21 16:36:05','2024-05-21 16:36:05',1),(1125,41,38,3,5,1,480,1,'2024-05-21 16:36:05','2024-05-21 16:36:05',1),(1126,41,38,3,6,1,480,1,'2024-05-21 16:36:05','2024-05-21 16:36:05',1),(1127,41,38,3,7,1,480,1,'2024-05-21 16:36:05','2024-05-21 16:36:05',1),(1128,41,38,3,8,1,480,1,'2024-05-21 16:36:05','2024-05-21 16:36:05',1),(1129,41,38,3,9,1,480,1,'2024-05-21 16:36:05','2024-05-21 16:36:05',1),(1130,41,38,3,10,1,480,1,'2024-05-21 16:36:05','2024-05-21 16:36:05',1),(1131,41,38,4,1,1,480,1,'2024-05-21 16:36:05','2024-05-21 16:36:05',1),(1132,41,38,4,2,1,480,1,'2024-05-21 16:36:05','2024-05-21 16:36:05',1),(1133,41,38,4,3,1,480,1,'2024-05-21 16:36:05','2024-05-21 16:36:05',1),(1134,41,38,4,4,1,480,1,'2024-05-21 16:36:05','2024-05-21 16:36:05',1),(1135,41,38,4,5,1,480,1,'2024-05-21 16:36:05','2024-05-21 16:36:05',1),(1136,41,38,4,6,1,480,1,'2024-05-21 16:36:05','2024-05-21 16:36:05',1),(1137,41,38,4,7,1,480,1,'2024-05-21 16:36:05','2024-05-21 16:36:05',1),(1138,41,38,4,8,1,480,1,'2024-05-21 16:36:05','2024-05-21 16:36:05',1),(1139,41,38,4,9,1,480,1,'2024-05-21 16:36:05','2024-05-21 16:36:05',1),(1140,41,38,4,10,1,480,1,'2024-05-21 16:36:05','2024-05-21 16:36:05',1),(1141,41,38,5,1,1,480,1,'2024-05-21 16:36:05','2024-05-21 16:36:05',1),(1142,41,38,5,2,1,480,1,'2024-05-21 16:36:05','2024-05-21 16:36:05',1),(1143,41,38,5,3,1,480,1,'2024-05-21 16:36:05','2024-05-21 16:36:05',1),(1144,41,38,5,4,1,480,1,'2024-05-21 16:36:05','2024-05-21 16:36:05',1),(1145,41,38,5,5,1,480,1,'2024-05-21 16:36:05','2024-05-21 16:36:05',1),(1146,41,38,5,6,1,480,1,'2024-05-21 16:36:05','2024-05-21 16:36:05',1),(1147,41,38,5,7,1,480,1,'2024-05-21 16:36:05','2024-05-21 16:36:05',1),(1148,41,38,5,8,1,480,1,'2024-05-21 16:36:05','2024-05-21 16:36:05',1),(1149,41,38,5,9,1,480,1,'2024-05-21 16:36:05','2024-05-21 16:36:05',1),(1150,41,38,5,10,1,480,1,'2024-05-21 16:36:05','2024-05-21 16:36:05',1),(1151,43,39,1,1,1,2000,1,'2024-06-09 17:03:27','2024-06-09 17:03:27',1),(1152,43,39,1,2,1,2000,1,'2024-06-09 17:03:32','2024-06-09 17:03:32',1),(1153,43,39,1,3,1,2000,1,'2024-06-09 17:03:32','2024-06-09 17:03:32',1),(1154,43,39,1,4,1,2000,1,'2024-06-09 17:03:32','2024-06-09 17:03:32',1),(1155,43,39,1,5,1,2000,1,'2024-06-09 17:03:32','2024-06-09 17:03:32',1),(1156,43,39,1,6,1,2000,1,'2024-06-09 17:03:32','2024-06-09 17:03:32',1),(1157,43,39,1,7,1,2000,1,'2024-06-09 17:03:32','2024-06-09 17:03:32',1),(1158,43,39,1,8,1,2000,1,'2024-06-09 17:03:32','2024-06-09 17:03:32',1),(1159,43,39,1,9,1,2000,1,'2024-06-09 17:03:32','2024-06-09 17:03:32',1),(1160,43,39,1,10,1,2000,1,'2024-06-09 17:03:32','2024-06-09 17:03:32',1),(1161,43,39,2,1,1,2000,1,'2024-06-09 17:03:32','2024-06-09 17:03:32',1),(1162,43,39,2,2,1,2000,1,'2024-06-09 17:03:32','2024-06-09 17:03:32',1),(1163,43,39,2,3,1,2000,1,'2024-06-09 17:03:32','2024-06-09 17:03:32',1),(1164,43,39,2,4,1,2000,1,'2024-06-09 17:03:32','2024-06-09 17:03:32',1),(1165,43,39,2,5,1,2000,1,'2024-06-09 17:03:32','2024-06-09 17:03:32',1),(1166,43,39,2,6,1,2000,1,'2024-06-09 17:03:32','2024-06-09 17:03:32',1),(1167,43,39,2,7,1,2000,1,'2024-06-09 17:03:32','2024-06-09 17:03:32',1),(1168,43,39,2,8,1,2000,1,'2024-06-09 17:03:32','2024-06-09 17:03:32',1),(1169,43,39,2,9,1,2000,1,'2024-06-09 17:03:32','2024-06-09 17:03:32',1),(1170,43,39,2,10,1,2000,1,'2024-06-09 17:03:32','2024-06-09 17:03:32',1),(1171,43,39,3,1,1,2000,1,'2024-06-09 17:03:32','2024-06-09 17:03:32',1),(1172,43,39,3,2,1,2000,1,'2024-06-09 17:03:32','2024-06-09 17:03:32',1),(1173,43,39,3,3,1,2000,1,'2024-06-09 17:03:32','2024-06-09 17:03:32',1),(1174,43,39,3,4,1,2000,1,'2024-06-09 17:03:32','2024-06-09 17:03:32',1),(1175,43,39,3,5,1,2000,1,'2024-06-09 17:03:32','2024-06-09 17:03:32',1),(1176,43,39,3,6,1,2000,1,'2024-06-09 17:03:32','2024-06-09 17:03:32',1),(1177,43,39,3,7,1,2000,1,'2024-06-09 17:03:32','2024-06-09 17:03:32',1),(1178,43,39,3,8,1,2000,1,'2024-06-09 17:03:32','2024-06-09 17:03:32',1),(1179,43,39,3,9,1,2000,1,'2024-06-09 17:03:32','2024-06-09 17:03:32',1),(1180,43,39,3,10,1,2000,1,'2024-06-09 17:03:32','2024-06-09 17:03:32',1),(1181,43,39,4,1,1,2000,1,'2024-06-09 17:03:33','2024-06-09 17:03:33',1),(1182,43,39,4,2,1,2000,1,'2024-06-09 17:03:33','2024-06-09 17:03:33',1),(1183,43,39,4,3,1,2000,1,'2024-06-09 17:03:33','2024-06-09 17:03:33',1),(1184,43,39,4,4,1,2000,1,'2024-06-09 17:03:33','2024-06-09 17:03:33',1),(1185,43,39,4,5,1,2000,1,'2024-06-09 17:03:33','2024-06-09 17:03:33',1),(1186,43,39,4,6,1,2000,1,'2024-06-09 17:03:33','2024-06-09 17:03:33',1),(1187,43,39,4,7,1,2000,1,'2024-06-09 17:03:33','2024-06-09 17:03:33',1),(1188,43,39,4,8,1,2000,1,'2024-06-09 17:03:33','2024-06-09 17:03:33',1),(1189,43,39,4,9,1,2000,1,'2024-06-09 17:03:33','2024-06-09 17:03:33',1),(1190,43,39,4,10,1,2000,1,'2024-06-09 17:03:33','2024-06-09 17:03:33',1),(1191,45,40,1,1,1,1500,1,'2024-06-12 09:53:44','2024-06-12 09:53:44',1),(1192,45,40,1,2,1,1500,1,'2024-06-12 09:53:44','2024-06-12 09:53:44',1),(1193,45,40,1,3,1,1500,1,'2024-06-12 09:53:44','2024-06-12 09:53:44',1),(1194,45,40,1,4,1,1500,1,'2024-06-12 09:53:44','2024-06-12 09:53:44',1),(1195,45,40,1,5,1,1500,1,'2024-06-12 09:53:44','2024-06-12 09:53:44',1),(1196,45,40,1,6,1,1500,1,'2024-06-12 09:53:44','2024-06-12 09:53:44',1),(1197,45,40,1,7,1,1500,1,'2024-06-12 09:53:44','2024-06-12 09:53:44',1),(1198,45,40,1,8,1,1500,1,'2024-06-12 09:53:44','2024-06-12 09:53:44',1),(1199,45,40,1,9,1,1500,1,'2024-06-12 09:53:44','2024-06-12 09:53:44',1),(1200,45,40,1,10,1,1500,1,'2024-06-12 09:53:44','2024-06-12 09:53:44',1),(1201,45,40,2,1,1,1500,1,'2024-06-12 09:53:44','2024-06-12 09:53:44',1),(1202,45,40,2,2,1,1500,1,'2024-06-12 09:53:44','2024-06-12 09:53:44',1),(1203,45,40,2,3,1,1500,1,'2024-06-12 09:53:44','2024-06-12 09:53:44',1),(1204,45,40,2,4,1,1500,1,'2024-06-12 09:53:44','2024-06-12 09:53:44',1),(1205,45,40,2,5,1,1500,1,'2024-06-12 09:53:44','2024-06-12 09:53:44',1),(1206,45,40,2,6,1,1500,1,'2024-06-12 09:53:44','2024-06-12 09:53:44',1),(1207,45,40,2,7,1,1500,1,'2024-06-12 09:53:44','2024-06-12 09:53:44',1),(1208,45,40,2,8,1,1500,1,'2024-06-12 09:53:44','2024-06-12 09:53:44',1),(1209,45,40,2,9,1,1500,1,'2024-06-12 09:53:44','2024-06-12 09:53:44',1),(1210,45,40,2,10,1,1500,1,'2024-06-12 09:53:44','2024-06-12 09:53:44',1),(1211,45,40,3,1,1,1500,1,'2024-06-12 09:53:44','2024-06-12 09:53:44',1),(1212,45,40,3,2,1,1500,1,'2024-06-12 09:53:44','2024-06-12 09:53:44',1),(1213,45,40,3,3,1,1500,1,'2024-06-12 09:53:44','2024-06-12 09:53:44',1),(1214,45,40,3,4,1,1500,1,'2024-06-12 09:53:44','2024-06-12 09:53:44',1),(1215,45,40,3,5,1,1500,1,'2024-06-12 09:53:44','2024-06-12 09:53:44',1),(1216,45,40,3,6,1,1500,1,'2024-06-12 09:53:44','2024-06-12 09:53:44',1),(1217,45,40,3,7,1,1500,1,'2024-06-12 09:53:44','2024-06-12 09:53:44',1),(1218,45,40,3,8,1,1500,1,'2024-06-12 09:53:44','2024-06-12 09:53:44',1),(1219,45,40,3,9,1,1500,1,'2024-06-12 09:53:44','2024-06-12 09:53:44',1),(1220,45,40,3,10,1,1500,1,'2024-06-12 09:53:44','2024-06-12 09:53:44',1),(1221,45,40,4,1,1,1500,1,'2024-06-12 09:53:44','2024-06-12 09:53:44',1),(1222,45,40,4,2,1,1500,1,'2024-06-12 09:53:44','2024-06-12 09:53:44',1),(1223,45,40,4,3,1,1500,1,'2024-06-12 09:53:44','2024-06-12 09:53:44',1),(1224,45,40,4,4,1,1500,1,'2024-06-12 09:53:44','2024-06-12 09:53:44',1),(1225,45,40,4,5,1,1500,1,'2024-06-12 09:53:44','2024-06-12 09:53:44',1),(1226,45,40,4,6,1,1500,1,'2024-06-12 09:53:44','2024-06-12 09:53:44',1),(1227,45,40,4,7,1,1500,1,'2024-06-12 09:53:44','2024-06-12 09:53:44',1),(1228,45,40,4,8,1,1500,1,'2024-06-12 09:53:44','2024-06-12 09:53:44',1),(1229,45,40,4,9,1,1500,1,'2024-06-12 09:53:44','2024-06-12 09:53:44',1),(1230,45,40,4,10,1,1500,1,'2024-06-12 09:53:44','2024-06-12 09:53:44',1),(1231,45,40,5,1,1,1500,1,'2024-06-12 09:53:44','2024-06-12 09:53:44',1),(1232,45,40,5,2,1,1500,1,'2024-06-12 09:53:44','2024-06-12 09:53:44',1),(1233,45,40,5,3,1,1500,1,'2024-06-12 09:53:44','2024-06-12 09:53:44',1),(1234,45,40,5,4,1,1500,1,'2024-06-12 09:53:44','2024-06-12 09:53:44',1),(1235,45,40,5,5,1,1500,1,'2024-06-12 09:53:44','2024-06-12 09:53:44',1),(1236,45,40,5,6,1,1500,1,'2024-06-12 09:53:44','2024-06-12 09:53:44',1),(1237,45,40,5,7,1,1500,1,'2024-06-12 09:53:44','2024-06-12 09:53:44',1),(1238,45,40,5,8,1,1500,1,'2024-06-12 09:53:44','2024-06-12 09:53:44',1),(1239,45,40,5,9,1,1500,1,'2024-06-12 09:53:44','2024-06-12 09:53:44',1),(1240,45,40,5,10,1,1500,1,'2024-06-12 09:53:44','2024-06-12 09:53:44',1),(1241,45,40,6,1,1,1500,1,'2024-06-12 09:53:44','2024-06-12 09:53:44',1),(1242,45,40,6,2,1,1500,1,'2024-06-12 09:53:44','2024-06-12 09:53:44',1),(1243,45,40,6,3,1,1500,1,'2024-06-12 09:53:44','2024-06-12 09:53:44',1),(1244,45,40,6,4,1,1500,1,'2024-06-12 09:53:44','2024-06-12 09:53:44',1),(1245,45,40,6,5,1,1500,1,'2024-06-12 09:53:44','2024-06-12 09:53:44',1),(1246,45,40,6,6,1,1500,1,'2024-06-12 09:53:44','2024-06-12 09:53:44',1),(1247,45,40,6,7,1,1500,1,'2024-06-12 09:53:44','2024-06-12 09:53:44',1),(1248,45,40,6,8,1,1500,1,'2024-06-12 09:53:44','2024-06-12 09:53:44',1),(1249,45,40,6,9,1,1500,1,'2024-06-12 09:53:44','2024-06-12 09:53:44',1),(1250,45,40,6,10,1,1500,1,'2024-06-12 09:53:44','2024-06-12 09:53:44',1),(1251,45,40,7,1,1,1500,1,'2024-06-12 09:53:44','2024-06-12 09:53:44',1),(1252,45,40,7,2,1,1500,1,'2024-06-12 09:53:44','2024-06-12 09:53:44',1),(1253,45,40,7,3,1,1500,1,'2024-06-12 09:53:44','2024-06-12 09:53:44',1),(1254,45,40,7,4,1,1500,1,'2024-06-12 09:53:45','2024-06-12 09:53:45',1),(1255,45,40,7,5,1,1500,1,'2024-06-12 09:53:45','2024-06-12 09:53:45',1),(1256,45,40,7,6,1,1500,1,'2024-06-12 09:53:45','2024-06-12 09:53:45',1),(1257,45,40,7,7,1,1500,1,'2024-06-12 09:53:45','2024-06-12 09:53:45',1),(1258,45,40,7,8,1,1500,1,'2024-06-12 09:53:45','2024-06-12 09:53:45',1),(1259,45,40,7,9,1,1500,1,'2024-06-12 09:53:45','2024-06-12 09:53:45',1),(1260,45,40,7,10,1,1500,1,'2024-06-12 09:53:45','2024-06-12 09:53:45',1),(1261,45,40,8,1,1,1500,1,'2024-06-12 09:53:45','2024-06-12 09:53:45',1),(1262,45,40,8,2,1,1500,1,'2024-06-12 09:53:45','2024-06-12 09:53:45',1),(1263,45,40,8,3,1,1500,1,'2024-06-12 09:53:45','2024-06-12 09:53:45',1),(1264,45,40,8,4,1,1500,1,'2024-06-12 09:53:45','2024-06-12 09:53:45',1),(1265,45,40,8,5,1,1500,1,'2024-06-12 09:53:45','2024-06-12 09:53:45',1),(1266,45,40,8,6,1,1500,1,'2024-06-12 09:53:45','2024-06-12 09:53:45',1),(1267,45,40,8,7,1,1500,1,'2024-06-12 09:53:45','2024-06-12 09:53:45',1),(1268,45,40,8,8,1,1500,1,'2024-06-12 09:53:45','2024-06-12 09:53:45',1),(1269,45,40,8,9,1,1500,1,'2024-06-12 09:53:45','2024-06-12 09:53:45',1),(1270,45,40,8,10,1,1500,1,'2024-06-12 09:53:45','2024-06-12 09:53:45',1),(1271,45,40,9,1,1,1500,1,'2024-06-12 09:53:45','2024-06-12 09:53:45',1),(1272,45,40,9,2,1,1500,1,'2024-06-12 09:53:45','2024-06-12 09:53:45',1),(1273,45,40,9,3,1,1500,1,'2024-06-12 09:53:45','2024-06-12 09:53:45',1),(1274,45,40,9,4,1,1500,1,'2024-06-12 09:53:45','2024-06-12 09:53:45',1),(1275,45,40,9,5,1,1500,1,'2024-06-12 09:53:45','2024-06-12 09:53:45',1),(1276,45,40,9,6,1,1500,1,'2024-06-12 09:53:45','2024-06-12 09:53:45',1),(1277,45,40,9,7,1,1500,1,'2024-06-12 09:53:45','2024-06-12 09:53:45',1),(1278,45,40,9,8,1,1500,1,'2024-06-12 09:53:45','2024-06-12 09:53:45',1),(1279,45,40,9,9,1,1500,1,'2024-06-12 09:53:45','2024-06-12 09:53:45',1),(1280,45,40,9,10,1,1500,1,'2024-06-12 09:53:45','2024-06-12 09:53:45',1),(1281,45,40,10,1,1,1500,1,'2024-06-12 09:53:45','2024-06-12 09:53:45',1),(1282,45,40,10,2,1,1500,1,'2024-06-12 09:53:45','2024-06-12 09:53:45',1),(1283,45,40,10,3,1,1500,1,'2024-06-12 09:53:45','2024-06-12 09:53:45',1),(1284,45,40,10,4,1,1500,1,'2024-06-12 09:53:45','2024-06-12 09:53:45',1),(1285,45,40,10,5,1,1500,1,'2024-06-12 09:53:45','2024-06-12 09:53:45',1),(1286,45,40,10,6,1,1500,1,'2024-06-12 09:53:45','2024-06-12 09:53:45',1),(1287,45,40,10,7,1,1500,1,'2024-06-12 09:53:45','2024-06-12 09:53:45',1),(1288,45,40,10,8,1,1500,1,'2024-06-12 09:53:45','2024-06-12 09:53:45',1),(1289,45,40,10,9,1,1500,1,'2024-06-12 09:53:45','2024-06-12 09:53:45',1),(1290,45,40,10,10,1,1500,1,'2024-06-12 09:53:45','2024-06-12 09:53:45',1);
/*!40000 ALTER TABLE `d_seat_1` ENABLE KEYS */;
UNLOCK TABLES;

--
-- Table structure for table `d_ticket_category_0`
--

DROP TABLE IF EXISTS `d_ticket_category_0`;
/*!40101 SET @saved_cs_client     = @@character_set_client */;
/*!40101 SET character_set_client = utf8 */;
CREATE TABLE `d_ticket_category_0` (
  `id` bigint(20) NOT NULL COMMENT '主键id',
  `program_id` bigint(20) NOT NULL COMMENT '节目表id',
  `introduce` varchar(256) NOT NULL COMMENT '介绍',
  `price` decimal(10,0) NOT NULL COMMENT '价格',
  `total_number` bigint(20) NOT NULL COMMENT '总数量',
  `remain_number` bigint(20) NOT NULL COMMENT '剩余数量',
  `create_time` datetime NOT NULL COMMENT '创建时间',
  `edit_time` datetime NOT NULL COMMENT '编辑时间',
  `status` tinyint(1) NOT NULL DEFAULT '1' COMMENT '1:正常 0:删除',
  PRIMARY KEY (`id`)
) ENGINE=InnoDB DEFAULT CHARSET=utf8mb4 COMMENT='节目票档表';
/*!40101 SET character_set_client = @saved_cs_client */;

--
-- Dumping data for table `d_ticket_category_0`
--

LOCK TABLES `d_ticket_category_0` WRITE;
/*!40000 ALTER TABLE `d_ticket_category_0` DISABLE KEYS */;
/*!40000 ALTER TABLE `d_ticket_category_0` ENABLE KEYS */;
UNLOCK TABLES;

--
-- Table structure for table `d_ticket_category_1`
--

DROP TABLE IF EXISTS `d_ticket_category_1`;
/*!40101 SET @saved_cs_client     = @@character_set_client */;
/*!40101 SET character_set_client = utf8 */;
CREATE TABLE `d_ticket_category_1` (
  `id` bigint(20) NOT NULL COMMENT '主键id',
  `program_id` bigint(20) NOT NULL COMMENT '节目表id',
  `introduce` varchar(256) NOT NULL COMMENT '介绍',
  `price` decimal(10,0) NOT NULL COMMENT '价格',
  `total_number` bigint(20) NOT NULL COMMENT '总数量',
  `remain_number` bigint(20) NOT NULL COMMENT '剩余数量',
  `create_time` datetime NOT NULL COMMENT '创建时间',
  `edit_time` datetime NOT NULL COMMENT '编辑时间',
  `status` tinyint(1) NOT NULL DEFAULT '1' COMMENT '1:正常 0:删除',
  PRIMARY KEY (`id`)
) ENGINE=InnoDB DEFAULT CHARSET=utf8mb4 COMMENT='节目票档表';
/*!40101 SET character_set_client = @saved_cs_client */;

--
-- Dumping data for table `d_ticket_category_1`
--

LOCK TABLES `d_ticket_category_1` WRITE;
/*!40000 ALTER TABLE `d_ticket_category_1` DISABLE KEYS */;
INSERT INTO `d_ticket_category_1` VALUES (1,1,'全价票',120,0,0,'2024-01-08 00:00:00','2024-01-08 00:00:00',1),(2,1,'现场票',180,60,60,'2024-01-08 00:00:00','2024-01-08 00:00:00',1),(6,3,'108元档',108,10,10,'2024-02-04 17:10:00','2024-02-04 17:10:00',1),(7,3,'168元档',168,10,10,'2024-02-04 17:10:00','2024-02-04 17:10:00',1),(8,3,'258元档',258,10,10,'2024-02-04 17:10:00','2024-02-04 17:10:00',1),(9,3,'338元档',338,10,10,'2024-02-04 17:10:00','2024-02-04 17:10:00',1),(10,5,'458元档',458,20,20,'2024-02-04 17:10:00','2024-02-04 17:10:00',1),(11,5,'258元档',258,30,30,'2024-02-04 17:10:00','2024-02-04 17:10:00',1),(12,7,'388元档',388,20,20,'2024-02-04 17:10:00','2024-02-04 17:10:00',1),(13,7,'288元档',288,30,30,'2024-02-04 17:10:00','2024-02-04 17:10:00',1),(14,9,'458元档',458,20,20,'2024-02-04 17:10:00','2024-02-04 17:10:00',1),(15,9,'258元档',258,30,30,'2024-02-04 17:10:00','2024-02-04 17:10:00',1),(16,11,'780元档',780,20,20,'2024-02-04 17:10:00','2024-02-04 17:10:00',1),(17,11,'580元档',580,30,30,'2024-02-04 17:10:00','2024-02-04 17:10:00',1),(18,13,'325元档',325,20,20,'2024-02-04 17:10:00','2024-02-04 17:10:00',1),(19,13,'225元档',225,30,30,'2024-02-04 17:10:00','2024-02-04 17:10:00',1),(20,15,'415元档',415,20,20,'2024-02-04 17:10:00','2024-02-04 17:10:00',1),(21,15,'375元档',375,30,30,'2024-02-04 17:10:00','2024-02-04 17:10:00',1),(22,17,'358元档',358,20,20,'2024-02-04 17:10:00','2024-02-04 17:10:00',1),(23,17,'158元档',158,30,30,'2024-02-04 17:10:00','2024-02-04 17:10:00',1),(24,19,'358元档',358,50,50,'2024-02-04 17:10:00','2024-02-04 17:10:00',1),(25,21,'300元档',300,50,50,'2024-02-04 17:10:00','2024-02-04 17:10:00',1),(26,23,'410元档',410,50,50,'2024-02-04 17:10:00','2024-02-04 17:10:00',1),(27,25,'430元档',430,50,50,'2024-02-04 17:10:00','2024-02-04 17:10:00',1),(28,27,'350元档',350,50,50,'2024-02-04 17:10:00','2024-02-04 17:10:00',1),(29,29,'230元档',230,50,50,'2024-02-04 17:10:00','2024-02-04 17:10:00',1),(30,31,'258元档',258,50,50,'2024-02-04 17:10:00','2024-02-04 17:10:00',1),(31,33,'全价票',700,100,100,'2024-02-04 17:10:00','2024-02-04 17:10:00',1),(32,35,'全价票',900,100,100,'2024-02-04 17:10:00','2024-02-04 17:10:00',1),(33,37,'458元档',458,20,20,'2024-02-04 17:10:00','2024-02-04 17:10:00',1),(34,37,'258元档',258,30,30,'2024-02-04 17:10:00','2024-06-28 18:10:31',1),(35,39,'780元档',780,20,20,'2024-02-04 17:10:00','2024-02-04 17:10:00',1),(36,39,'580元档',580,30,30,'2024-02-04 17:10:00','2024-02-04 17:10:00',1),(37,41,'880元档',880,20,20,'2024-02-04 17:10:00','2024-02-04 17:10:00',1),(38,41,'480元档',480,30,30,'2024-02-04 17:10:00','2024-02-04 17:10:00',1),(39,43,'2000',2000,40,40,'2024-02-04 17:10:00','2024-02-04 17:10:00',1),(40,45,'1500',1500,100,100,'2024-02-04 17:10:00','2024-02-04 17:10:00',1);
/*!40000 ALTER TABLE `d_ticket_category_1` ENABLE KEYS */;
UNLOCK TABLES;


